,0,1,2,3,4,5,6,7,8,9,10,11,12,13,14,15,16,17,18,19,20,21,22,23,24,25,26
0,Fundos,Setor,Preço Atual (R$),Liquidez Diária (R$),P/VP,Último Dividendo,Dividend Yield,DY (3M) Acumulado,DY (6M) Acumulado,DY (12M) Acumulado,DY (3M) média,DY (6M) média,DY (12M) média,DY Ano,Variação Preço,Rentab. Período,Rentab. Acumulada,Patrimônio Líquido,VPA,P/VPA,DY Patrimonial,Variação Patrimonial,Rentab. Patr. Período,Rentab. Patr. Acumulada,Vacância Física,Vacância Financeira,Quant. Ativos
1,,,,,,,,,,,,,,,,,,,,,,,,,,,
2,AAZQ11,INDEFINIDO,"9,19","839.996,92","1,01","0,12","1,28 %","3,66 %","7,98 %","7,98 %","1,22 %","1,33 %","1,33 %","7,98 %","-3,40 %","-2,16 %","1,64 %","230.646.828,88","9,60","0,96","1,46 %","0,00 %","0,00 %","0,00 %",N/A,N/A,0
3,ABCP11,SHOPPINGS,"73,04","49.185,00","0,80","0,50","0,70 %","2,12 %","4,39 %","8,89 %","0,71 %","0,73 %","0,74 %","5,14 %","0,48 %","1,18 %","2,27 %","432.162.687,00","91,82","0,80","0,65 %","-0,18 %","0,47 %","7,12 %",N/A,N/A,1
4,AFHI11,PAPÉIS,"97,52","1.710.577,15","1,01","1,10","1,11 %","3,38 %","6,80 %","13,31 %","1,13 %","1,13 %","1,11 %","6,80 %","0,80 %","1,92 %","8,99 %","290.388.018,85","94,82","1,03","1,01 %","-0,94 %","0,06 %","5,00 %",N/A,N/A,0
5,AGRX11,OUTROS,"11,15","367.359,08",N/A,"0,17","1,49 %","4,76 %","9,47 %","14,70 %","1,59 %","1,58 %","1,47 %","9,47 %","2,52 %","4,04 %","22,28 %",N/A,N/A,N/A,N/A,N/A,N/A,N/A,N/A,N/A,0
6,AIEC11,LAJES CORPORATIVAS,"69,04","524.602,69","0,73","0,76","1,06 %","3,37 %","7,10 %","13,13 %","1,12 %","1,18 %","1,09 %","7,37 %","1,02 %","2,09 %","10,89 %","456.469.305,49","102,56","0,67","0,73 %","0,24 %","0,98 %","9,40 %",N/A,N/A,2
7,ALMI11,LAJES CORPORATIVAS,"739,10","93.358,33","0,36","0,37","0,00 %","0,00 %","0,00 %","0,00 %","0,00 %","0,00 %","0,00 %","0,00 %","0,00 %","0,00 %",N/A,"225.487.777,20","2.046,78","0,36","0,00 %","-0,05 %","-0,05 %","0,90 %",N/A,N/A,1
8,ALZM11,FUNDO DE FUNDOS,"92,60","87.135,23","1,01","0,85","0,92 %","2,74 %","5,85 %","13,02 %","0,91 %","0,98 %","1,09 %","5,85 %","-0,23 %","0,69 %","13,77 %","63.907.856,47","100,50","0,92","1,07 %","2,33 %","3,43 %","8,23 %",N/A,N/A,0
9,ALZR11,MISTO,"117,79","2.818.959,58","1,10","0,83","0,70 %","2,14 %","4,31 %","12,40 %","0,71 %","0,72 %","1,03 %","4,31 %","2,88 %","3,60 %","7,77 %","1.051.986.451,99","106,94","1,10","0,68 %","-0,03 %","0,65 %","7,26 %",N/A,N/A,13
10,APTO11,IMÓVEIS RESIDENCIAIS,"9,92","50.477,38","0,94","0,10","1,01 %","3,25 %","6,94 %","13,59 %","1,08 %","1,16 %","1,13 %","8,09 %","-0,20 %","0,81 %","22,40 %","42.495.209,65","9,97","1,00","1,00 %","-0,78 %","0,22 %","13,14 %",N/A,N/A,5
11,ARCT11,IMÓVEIS INDUSTRIAIS E LOGÍSTICOS,"87,13","1.053.903,45","0,87","0,50","0,00 %","1,30 %","3,82 %","12,55 %","0,43 %","0,64 %","1,05 %","0,00 %","0,00 %","0,00 %",N/A,"371.534.654,03","99,77","0,87","0,76 %","0,04 %","0,80 %","6,31 %",N/A,N/A,9
12,ARRI11,PAPÉIS,"9,01","221.438,27","1,00","0,10","1,08 %","3,57 %","6,89 %","14,99 %","1,19 %","1,15 %","1,25 %","8,27 %","3,92 %","5,04 %","8,45 %","117.319.779,19","9,10","0,99","1,43 %","-2,15 %","-0,75 %","-88,87 %",N/A,N/A,0
13,ASMT11,LAJES CORPORATIVAS,"48,52","7.974,92","0,58","0,77","1,11 %","3,18 %","6,17 %","11,50 %","1,06 %","1,03 %","0,96 %","1,11 %","-5,50 %","-4,46 %","-4,46 %","85.749.077,74",N/A,N/A,N/A,N/A,N/A,N/A,N/A,N/A,3
14,ATSA11,SHOPPINGS,"65,00","690,87","0,80","0,05","0,00 %","0,13 %","0,19 %","0,99 %","0,04 %","0,03 %","0,08 %","0,07 %","0,00 %","0,00 %",N/A,"142.863.612,90","90,48","0,72","0,06 %","0,17 %","0,22 %","0,83 %",N/A,N/A,1
15,AURB11,IMÓVEIS COMERCIAIS - OUTROS,N/A,N/A,N/A,"0,55","0,00 %","0,00 %","0,00 %","0,00 %","0,00 %","0,00 %","0,00 %","0,00 %","0,00 %","0,00 %",N/A,"73.726.402,66",N/A,N/A,N/A,N/A,N/A,N/A,N/A,N/A,2
16,BARI11,PAPÉIS,"87,69","688.971,35","0,91","0,90","1,01 %","3,21 %","6,57 %","12,69 %","1,07 %","1,10 %","1,06 %","7,56 %","4,69 %","5,75 %","9,78 %","450.028.367,25","99,63","0,88","0,90 %","-0,70 %","0,19 %","8,18 %",N/A,N/A,0
17,BBFI11B,LAJES CORPORATIVAS,"1.076,06","156.865,62","0,51","6,21","0,55 %","1,40 %","6,46 %","14,56 %","0,47 %","1,08 %","1,21 %","7,75 %","-1,71 %","-1,17 %","-38,81 %","279.185.668,89","2.854,80","0,38","0,93 %","0,12 %","1,06 %","6,06 %",N/A,N/A,3
18,BBFO11,FUNDO DE FUNDOS,"75,95","228.676,58","0,92","0,70","0,92 %","2,87 %","6,15 %","11,85 %","0,96 %","1,03 %","0,99 %","7,31 %","3,84 %","4,79 %","21,98 %","329.004.492,49","82,36","0,92","0,73 %","-4,19 %","-3,49 %","4,75 %",N/A,N/A,0
19,BBGO11,INDEFINIDO,"91,29","412.555,92","0,84","1,01","1,08 %","4,73 %","8,61 %","14,74 %","1,58 %","1,44 %","1,23 %","9,69 %","3,54 %","4,65 %","25,88 %","392.550.389,63","98,01","0,93","1,04 %","0,08 %","1,12 %","9,31 %",N/A,N/A,0
20,BBIM11,PAPÉIS,N/A,N/A,N/A,"0,10","0,00 %","0,00 %","0,00 %","0,00 %","0,00 %","0,00 %","0,00 %","0,00 %","0,00 %","0,00 %",N/A,"32.087.366,67","30,36",N/A,"1,42 %","-2,38 %","-1,00 %","-30,31 %",N/A,N/A,0
21,BBPO11,AGÊNCIAS DE BANCOS,"97,44","1.452.949,38","0,98","0,90","0,91 %","2,79 %","5,96 %","12,11 %","0,93 %","0,99 %","1,01 %","7,00 %","-0,29 %","0,61 %","23,73 %","1.588.185.145,13","100,37","0,97","0,92 %","0,06 %","0,98 %","15,85 %",N/A,N/A,63
22,BBRC11,AGÊNCIAS DE BANCOS,"113,31","149.996,65","1,04","1,13","1,03 %","3,11 %","6,35 %","12,29 %","1,04 %","1,06 %","1,02 %","7,39 %","4,68 %","5,76 %","18,28 %","171.950.165,41","106,62","1,06","0,93 %","-0,09 %","0,84 %","9,30 %",N/A,N/A,20
23,BCFF11,FUNDO DE FUNDOS,"72,85","2.443.953,08","0,95","0,56","0,77 %","2,40 %","5,07 %","9,89 %","0,80 %","0,85 %","0,82 %","5,07 %","4,46 %","5,26 %","15,36 %","1.915.103.196,86","75,57","0,96","0,74 %","-3,03 %","-2,31 %","1,30 %",N/A,N/A,0
24,BCIA11,FUNDO DE FUNDOS,"103,45","541.886,15","0,97","0,82","0,77 %","2,48 %","5,32 %","10,44 %","0,83 %","0,89 %","0,87 %","6,23 %","7,71 %","8,54 %","32,70 %","404.017.754,99","101,16","1,02","0,75 %","-5,66 %","-4,95 %","4,65 %",N/A,N/A,0
25,BCRI11,PAPÉIS,"74,70","645.391,04","0,75","0,69","0,90 %","2,82 %","5,79 %","12,16 %","0,94 %","0,97 %","1,01 %","6,80 %","-4,35 %","-3,49 %","-14,33 %","622.037.280,60","100,74","0,74","0,99 %","-0,93 %","0,05 %","6,21 %",N/A,N/A,0
26,BDIF11,FUNDO DE DESENVOLVIMENTO,"92,50","1.068.504,81",N/A,"1,25","1,34 %","3,93 %","7,60 %","16,47 %","1,31 %","1,27 %","1,37 %","7,60 %","3,87 %","5,26 %","14,49 %",N/A,N/A,N/A,N/A,N/A,N/A,N/A,N/A,N/A,0
27,BICE11,FUNDO DE FUNDOS,"1.000,00","561.471,00","1,02","7,79","0,78 %","1,79 %","3,09 %","3,63 %","0,60 %","0,52 %","0,30 %","3,09 %","1,08 %","1,87 %","1,87 %","76.679.659,95","1.017,80","0,98","1,57 %","5,06 %","6,71 %","8,19 %",N/A,N/A,0
28,BICR11,PAPÉIS,"99,94","748,85","0,99","0,66","0,00 %","0,84 %","2,59 %","7,00 %","0,28 %","0,43 %","0,58 %","3,40 %","0,00 %","0,00 %",N/A,"50.439.317,50","99,22","1,01","1,11 %","-1,64 %","-0,55 %","8,67 %",N/A,N/A,0
29,BIDB11,FUNDO DE DESENVOLVIMENTO,"88,20","193.322,38",N/A,"0,51","0,58 %","2,38 %","5,93 %","11,37 %","0,79 %","0,99 %","0,95 %","7,21 %","-1,70 %","-1,13 %","7,80 %",N/A,N/A,N/A,N/A,N/A,N/A,N/A,N/A,N/A,0
30,BIME11,INDEFINIDO,"7,73","62.950,65","0,89","0,08","1,01 %","3,49 %","6,94 %","13,01 %","1,16 %","1,16 %","1,08 %","6,94 %","4,91 %","5,97 %","10,07 %","51.726.706,87","9,01","0,86","0,67 %","-0,71 %","-0,05 %","6,11 %",N/A,N/A,2
31,BLCA11,INDEFINIDO,"132,00","2.053,06","0,97","0,57","0,00 %","0,41 %","1,04 %","2,28 %","0,14 %","0,17 %","0,19 %","1,04 %","0,00 %","0,00 %",N/A,"218.094.085,09","89,26","1,48","0,63 %","-0,32 %","0,31 %","-12,47 %",N/A,N/A,1
32,BLCP11,IMÓVEIS INDUSTRIAIS E LOGÍSTICOS,"91,00","103.127,50","0,81","0,56","0,63 %","1,24 %","2,39 %","4,92 %","0,41 %","0,40 %","0,41 %","3,64 %","0,00 %","0,00 %",N/A,"256.580.339,90","111,74","0,81","0,50 %","-0,02 %","0,49 %","15,81 %",N/A,N/A,2
33,BLMC11,PAPÉIS,"81,08","6.922,28","0,82","0,97","1,19 %","3,45 %","6,87 %","13,08 %","1,15 %","1,15 %","1,09 %","6,87 %","0,81 %","2,01 %","10,34 %","39.473.511,07","96,52","0,84","0,69 %","-1,69 %","-1,01 %","2,81 %",N/A,N/A,0
34,BLMG11,IMÓVEIS INDUSTRIAIS E LOGÍSTICOS,"68,15","534.767,46","0,78","0,71","1,04 %","3,23 %","6,73 %","12,61 %","1,08 %","1,12 %","1,05 %","6,73 %","0,63 %","1,68 %","-5,96 %","332.953.514,57","91,33","0,75","0,88 %","-2,57 %","-1,72 %","-1,52 %",N/A,N/A,1
35,BLMO11,LAJES CORPORATIVAS,"20.999,00","620.199,50","0,63","100,00","0,00 %","0,00 %","0,00 %","0,00 %","0,00 %","0,00 %","0,00 %","0,00 %","0,00 %","0,00 %",N/A,"126.873.438,15","29.561,52","0,71","0,09 %","0,22 %","0,31 %","13,59 %",N/A,N/A,1
36,BLMR11,FUNDO DE FUNDOS,"7,42","367.898,96","0,94","0,06","0,84 %","2,63 %","5,74 %","11,63 %","0,88 %","0,96 %","0,97 %","5,74 %","4,09 %","4,96 %","8,93 %","205.260.921,23","7,82","0,95","0,95 %","-5,66 %","-4,77 %","3,05 %",N/A,N/A,0
37,BLUR11,PAPÉIS,"100,50","4.652,31","1,05","1,03","0,00 %","0,00 %","1,11 %","4,16 %","0,00 %","0,19 %","0,35 %","1,11 %","0,00 %","0,00 %",N/A,"8.625.825,80",N/A,N/A,N/A,N/A,N/A,N/A,N/A,N/A,0
38,BMLC11,LAJES CORPORATIVAS,"104,04","24.985,96","0,94","3,59","3,47 %","4,96 %","6,99 %","11,61 %","1,65 %","1,17 %","0,97 %","6,99 %","-0,58 %","2,87 %","10,80 %","110.597.064,89","109,14","0,95","0,81 %","-0,05 %","0,76 %","4,10 %",N/A,N/A,2
39,BNFS11,AGÊNCIAS DE BANCOS,"121,40","99.570,12","1,32","1,53","1,25 %","3,77 %","7,47 %","14,65 %","1,26 %","1,25 %","1,22 %","8,55 %","3,16 %","4,45 %","8,36 %","64.201.180,17","99,22","1,22","1,55 %","-0,03 %","1,51 %","13,72 %",N/A,N/A,18
40,BODB11,INDEFINIDO,"9,74","575.753,27",N/A,"0,11","1,09 %","2,11 %","5,46 %","12,97 %","0,70 %","0,91 %","1,08 %","8,98 %","-0,81 %","0,27 %","13,77 %",N/A,N/A,N/A,N/A,N/A,N/A,N/A,N/A,N/A,0
41,BPFF11,FUNDO DE FUNDOS,"71,81","259.418,23","0,92","0,62","0,85 %","2,68 %","5,73 %","11,49 %","0,89 %","0,96 %","0,96 %","6,69 %","4,65 %","5,54 %","21,89 %","348.987.341,99","74,28","0,97","0,83 %","-5,10 %","-4,31 %","3,18 %",N/A,N/A,0
42,BPLC11,MISTO,N/A,N/A,N/A,"14,42","0,00 %","0,00 %","0,00 %","0,00 %","0,00 %","0,00 %","0,00 %","0,00 %","0,00 %","0,00 %",N/A,"316.523.797,60",N/A,N/A,N/A,N/A,N/A,N/A,N/A,N/A,1
43,BPML11,SHOPPINGS,"64,04","70.222,88","0,48","0,27","0,46 %","1,37 %","2,74 %","5,34 %","0,46 %","0,46 %","0,45 %","0,46 %","-5,91 %","-5,48 %","-5,48 %","570.031.097,18","123,89","0,52","0,24 %","0,23 %","0,47 %","0,03 %",N/A,N/A,4
44,BPRP11,IMÓVEIS INDUSTRIAIS E LOGÍSTICOS,"109,14","6.671,00","1,00","0,90","0,87 %","2,69 %","2,69 %","5,27 %","0,90 %","0,45 %","0,44 %","2,69 %","-5,46 %","-4,64 %","15,48 %","147.336.358,30",N/A,N/A,N/A,N/A,N/A,N/A,N/A,N/A,1
45,BRCO11,IMÓVEIS INDUSTRIAIS E LOGÍSTICOS,"126,70","3.312.430,19","1,04","0,87","0,72 %","2,16 %","4,05 %","8,00 %","0,72 %","0,68 %","0,67 %","5,35 %","3,49 %","4,24 %","29,42 %","1.774.186.566,11","121,55","1,04","0,58 %","2,01 %","2,60 %","8,31 %",N/A,N/A,11
46,BRCR11,LAJES CORPORATIVAS,"67,51","1.867.728,08","0,67","0,45","0,64 %","2,18 %","4,70 %","9,20 %","0,73 %","0,78 %","0,77 %","4,70 %","19,64 %","20,41 %","22,33 %","2.680.391.457,42","100,35","0,67","0,50 %","0,15 %","0,65 %","-1,63 %",N/A,N/A,9
47,BREV11,LAJES CORPORATIVAS,"102,99","2.533,35","0,89","0,59","0,59 %","1,91 %","3,56 %","10,36 %","0,64 %","0,59 %","0,86 %","8,19 %","4,89 %","5,51 %","8,68 %","113.324.811,52","110,17","0,93","0,68 %","-0,12 %","0,56 %","6,59 %",N/A,N/A,13
48,BRIM11,FUNDO DE DESENVOLVIMENTO,"1.030,22","1.020,40","0,94","8,50","0,00 %","0,00 %","0,00 %","1,41 %","0,00 %","0,00 %","0,12 %","0,00 %","0,00 %","0,00 %",N/A,"136.116.324,37",N/A,N/A,N/A,N/A,N/A,N/A,N/A,N/A,1
49,BRIP11,FUNDO DE DESENVOLVIMENTO,"950,01","1.583,33","1,00","9,30","0,00 %","9,60 %","9,60 %","9,60 %","9,60 %","9,60 %","9,60 %","9,60 %","0,00 %","0,00 %",N/A,"204.067.759,01",N/A,N/A,N/A,N/A,N/A,N/A,N/A,N/A,10
50,BRLA11,IMÓVEIS INDUSTRIAIS E LOGÍSTICOS,"138,03","460,00","0,88","0,90","0,00 %","1,43 %","1,43 %","3,68 %","0,48 %","0,24 %","0,31 %","1,43 %","0,00 %","0,00 %",N/A,"490.884.258,63","157,77","0,87","0,69 %","0,04 %","0,74 %","-8,63 %",N/A,N/A,6
51,BROF11,LAJES CORPORATIVAS,"69,45","1.030.404,92","0,66","0,72","1,04 %","2,85 %","2,85 %","2,85 %","1,43 %","1,43 %","1,43 %","2,85 %","-0,98 %","0,05 %","16,33 %","1.232.737.612,03",N/A,N/A,N/A,N/A,N/A,N/A,N/A,N/A,2
52,BTAG11,INDEFINIDO,"93,81","536.458,96",N/A,"1,35","1,43 %","4,28 %","8,57 %","12,30 %","1,43 %","1,43 %","1,03 %","8,57 %","2,84 %","4,31 %","10,00 %",N/A,N/A,N/A,N/A,N/A,N/A,N/A,N/A,N/A,0
53,BTAL11,IMÓVEIS INDUSTRIAIS E LOGÍSTICOS,"90,50","979.603,46","0,87","0,73","0,75 %","2,41 %","5,22 %","10,39 %","0,80 %","0,87 %","0,87 %","5,22 %","1,89 %","2,66 %","8,05 %","626.301.203,94","105,89","0,85","0,78 %","-0,43 %","0,35 %","8,41 %",N/A,N/A,9
54,BTCI11,PAPÉIS,"9,45","2.118.275,00","0,92","0,10","1,05 %","3,33 %","6,90 %","7,61 %","1,11 %","1,15 %","0,63 %","6,90 %","2,56 %","3,64 %","-87,24 %","1.026.113.003,02",N/A,N/A,N/A,N/A,N/A,N/A,N/A,N/A,0
55,BTCR11,PAPÉIS,"88,00","652.774,65","0,92","0,90","0,98 %","2,90 %","6,61 %","13,52 %","0,97 %","1,10 %","1,13 %","11,55 %","-5,96 %","-5,04 %","11,14 %","458.252.683,73","95,27","0,92","0,94 %","0,64 %","1,59 %","4,62 %",N/A,N/A,0
56,BTLG11,IMÓVEIS INDUSTRIAIS E LOGÍSTICOS,"105,11","7.337.896,50","1,08","0,76","0,73 %","2,21 %","4,55 %","8,96 %","0,74 %","0,76 %","0,75 %","4,55 %","2,24 %","2,99 %","10,46 %","2.069.085.844,76","99,19","1,06","0,75 %","0,09 %","0,84 %","4,82 %",N/A,N/A,20
57,BTRA11,INDEFINIDO,"77,05","745.632,73","0,64","0,56","0,66 %","2,64 %","5,93 %","11,39 %","0,88 %","0,99 %","0,95 %","5,93 %","3,63 %","4,31 %","5,76 %","399.327.198,80","103,62","0,74","0,82 %","0,53 %","1,36 %","5,71 %",N/A,N/A,6
58,BTSG11,IMÓVEIS INDUSTRIAIS E LOGÍSTICOS,"140,00","1.293,75","1,02","0,92","0,00 %","0,00 %","1,73 %","1,73 %","0,00 %","0,29 %","0,14 %","1,73 %","0,00 %","0,00 %",N/A,"106.751.120,57","133,34","1,05","0,65 %","0,00 %","0,65 %","6,02 %",N/A,N/A,1
59,BTSI11,MISTO,"95,29","2.287.303,00","0,78","0,72","0,00 %","0,00 %","0,00 %","0,00 %","0,00 %","0,00 %","0,00 %","0,00 %","0,00 %","0,00 %",N/A,"257.852.440,25",N/A,N/A,N/A,N/A,N/A,N/A,N/A,N/A,2
60,BTWR11,FUNDO DE DESENVOLVIMENTO,"107,00","428,00","0,95","0,40","0,00 %","0,00 %","0,00 %","0,00 %","0,00 %","0,00 %","0,00 %","0,00 %","0,00 %","0,00 %",N/A,"91.109.610,90","111,90","0,96","0,38 %","0,23 %","0,61 %","7,24 %",N/A,N/A,1
61,BZEL11,MISTO,N/A,N/A,N/A,"0,08",N/A,N/A,N/A,N/A,N/A,N/A,N/A,N/A,N/A,N/A,N/A,"415.484.356,02",N/A,N/A,N/A,N/A,N/A,N/A,N/A,N/A,0
62,CACR11,PAPÉIS,"105,15","658.933,23","1,01","1,42","1,31 %","4,26 %","8,41 %","17,03 %","1,42 %","1,40 %","1,42 %","9,73 %","2,38 %","3,72 %","14,71 %","187.896.974,12","103,41","1,02","1,37 %","-0,05 %","1,32 %","37,55 %",N/A,N/A,0
63,CARE11,MISTO,"1,98","14.148,69","0,24","0,01","0,23 %","0,67 %","1,36 %","2,92 %","0,22 %","0,23 %","0,32 %","1,36 %","-2,63 %","-2,41 %","-7,39 %","297.789.759,05","1,60","1,23","0,10 %","-0,24 %","-0,14 %","3,56 %",N/A,N/A,1
64,CBOP11,LAJES CORPORATIVAS,"35,21","9.182,08","0,48","0,12","0,33 %","0,97 %","1,90 %","7,72 %","0,32 %","0,32 %","0,64 %","2,16 %","-2,22 %","-1,89 %","-28,51 %","104.448.529,07","74,79","0,47","0,66 %","-0,60 %","0,05 %","-11,06 %",N/A,N/A,1
65,CCME11,INDEFINIDO,"110,01","599,27","1,08","1,09","0,00 %","0,00 %","0,00 %","1,66 %","0,00 %","0,00 %","0,21 %","0,00 %","0,00 %","0,00 %",N/A,"306.207.445,44",N/A,N/A,N/A,N/A,N/A,N/A,N/A,N/A,1
66,CCRF11,PAPÉIS,"90,90","3.352,05","0,91","1,65","1,90 %","3,38 %","6,30 %","9,64 %","1,13 %","1,05 %","0,80 %","6,30 %","4,33 %","6,31 %","6,25 %","156.809.423,96","96,46","0,94","0,57 %","-1,87 %","-1,31 %","2,72 %",N/A,N/A,0
67,CDII11,INDEFINIDO,"104,89","742.037,08",N/A,"2,96","2,75 %","2,75 %","2,75 %","2,75 %","1,38 %","1,38 %","1,38 %","2,75 %","0,00 %","0,00 %",N/A,N/A,N/A,N/A,N/A,N/A,N/A,N/A,N/A,N/A,0
68,CEOC11,LAJES CORPORATIVAS,"63,72","54.267,00","0,81","0,64","0,99 %","3,29 %","6,94 %","12,24 %","1,10 %","1,16 %","1,02 %","6,94 %","12,70 %","13,82 %","28,09 %","142.332.217,70","89,76","0,71","0,55 %","-0,08 %","0,48 %","3,10 %",N/A,N/A,1
69,CFHI11,FUNDO DE DESENVOLVIMENTO,N/A,N/A,N/A,"36,51","0,00 %","0,00 %","0,00 %","0,00 %","0,00 %","0,00 %","0,00 %","0,00 %","0,00 %","0,00 %",N/A,"60.628.934,77",N/A,N/A,N/A,N/A,N/A,N/A,N/A,N/A,2
70,CJCT11,LAJES CORPORATIVAS,"65,00","24.387,83","0,98","0,08","0,12 %","4,67 %","24,93 %","25,12 %","1,56 %","4,16 %","2,09 %","20,33 %","3,17 %","3,30 %","45,05 %","207.788.940,35","57,90","1,12","0,00 %","0,58 %","0,58 %","0,58 %",N/A,N/A,1
71,CNES11,LAJES CORPORATIVAS,"28,20","4.857,88","0,31","0,09","0,31 %","0,86 %","1,95 %","4,17 %","0,29 %","0,33 %","0,35 %","1,95 %","-1,03 %","-0,72 %","-7,96 %","267.720.200,96","89,50","0,32","0,12 %","2,57 %","2,70 %","4,26 %",N/A,N/A,1
72,CORM11,LAJES CORPORATIVAS,N/A,N/A,N/A,"0,77","0,90 %","2,76 %","5,35 %","11,38 %","0,92 %","0,89 %","0,95 %","6,20 %","-2,97 %","-2,10 %","-4,27 %",N/A,"90,56",N/A,"0,89 %","-2,33 %","-1,45 %","0,21 %",N/A,N/A,0
73,CPFF11,FUNDO DE FUNDOS,"75,54","368.902,85","0,91","0,75","1,00 %","2,32 %","4,24 %","9,40 %","0,77 %","0,71 %","0,78 %","4,24 %","13,44 %","14,58 %","20,74 %","211.129.091,91","78,73","0,96","0,76 %","-2,56 %","-1,82 %","6,71 %",N/A,N/A,0
74,CPTI11,FUNDO DE DESENVOLVIMENTO,"101,68","592.686,19",N/A,"1,10","1,08 %","3,10 %","5,94 %","12,09 %","1,03 %","0,99 %","1,01 %","6,95 %","1,76 %","2,86 %","11,10 %",N/A,N/A,N/A,N/A,N/A,N/A,N/A,N/A,N/A,0
75,CPTR11,INDEFINIDO,"98,03","1.972.306,65","0,97","1,30","1,34 %","4,15 %","8,51 %","17,42 %","1,38 %","1,42 %","1,45 %","8,51 %","-1,32 %","0,00 %","7,37 %","407.099.622,50","98,38","1,00","1,37 %","-0,31 %","1,06 %","2,50 %",N/A,N/A,0
76,CPTS11,PAPÉIS,"86,21","6.109.373,35","0,95","0,88","1,01 %","3,08 %","5,95 %","11,63 %","1,03 %","0,99 %","0,97 %","5,95 %","6,69 %","7,77 %","14,39 %","2.890.161.525,97","89,93","0,96","0,41 %","-1,83 %","-1,42 %","1,66 %",N/A,N/A,0
77,CRAA11,INDEFINIDO,"103,60","226.930,92","1,02","1,50","1,44 %","4,51 %","4,51 %","4,51 %","1,50 %","1,50 %","1,50 %","4,51 %","-0,48 %","0,96 %","3,64 %","50.187.246,21","101,42","1,02","1,48 %","0,00 %","0,00 %","0,00 %",N/A,N/A,0
78,CRFF11,FUNDO DE FUNDOS,"80,50","36.463,96","0,89","0,63","0,78 %","2,41 %","5,27 %","10,47 %","0,80 %","0,88 %","0,87 %","6,20 %","0,63 %","1,41 %","32,00 %","62.181.430,61","84,58","0,95","0,74 %","-5,68 %","-4,98 %","5,54 %",N/A,N/A,0
79,CTXT11,LAJES CORPORATIVAS,"12,75","2.496,92","0,40","0,01","0,04 %","0,64 %","1,14 %","4,78 %","0,21 %","0,19 %","0,40 %","1,01 %","1,00 %","1,04 %","-48,00 %","108.461.871,03","48,33","0,26","0,19 %","-0,10 %","0,09 %","0,54 %",N/A,N/A,1
80,CVBI11,PAPÉIS,"95,22","2.808.738,73","0,98","1,05","1,13 %","3,53 %","7,07 %","12,39 %","1,18 %","1,18 %","1,03 %","7,07 %","3,05 %","4,22 %","9,83 %","1.059.460.692,26","93,28","1,02","0,80 %","-1,50 %","-0,71 %","4,81 %",N/A,N/A,0
81,CVPR11,INDEFINIDO,N/A,N/A,N/A,"1,05","0,00 %","0,00 %","0,00 %","0,00 %","0,00 %","0,00 %","0,00 %","0,00 %","0,00 %","0,00 %",N/A,"13.682.411,16",N/A,N/A,N/A,N/A,N/A,N/A,N/A,N/A,0
82,CXAG11,AGÊNCIAS DE BANCOS,"85,24","97.354,04","0,74","0,71","0,81 %","2,74 %","5,69 %","11,64 %","0,91 %","0,95 %","0,97 %","6,66 %","4,79 %","5,63 %","22,15 %","241.488.990,34","114,82","0,74","0,65 %","0,04 %","0,70 %","18,24 %",N/A,N/A,32
83,CXCE11B,LAJES CORPORATIVAS,"43,95","29.965,19","0,67","0,41","0,93 %","2,87 %","5,93 %","11,97 %","0,96 %","0,99 %","1,00 %","6,93 %","4,17 %","5,14 %","12,41 %","111.627.378,47","64,79","0,68","0,70 %","-0,04 %","0,66 %","-0,68 %",N/A,N/A,1
84,CXCI11,INDEFINIDO,"90,00","78.463,62","0,92","0,84","1,00 %","3,14 %","6,37 %","12,54 %","1,05 %","1,06 %","1,05 %","6,37 %","5,30 %","6,35 %","17,06 %","198.625.625,72","94,33","0,95","0,88 %","-4,41 %","-3,57 %","2,57 %",N/A,N/A,0
85,CXCO11,LAJES CORPORATIVAS,"85,59","199.191,92","0,86","0,74","0,87 %","3,52 %","6,69 %","12,48 %","1,17 %","1,12 %","1,04 %","7,71 %","7,93 %","8,87 %","30,39 %","388.761.097,13","96,60","0,89","0,75 %","0,03 %","0,77 %","8,83 %",N/A,N/A,10
86,CXRI11,FUNDO DE FUNDOS,"80,40","22.148,92","0,89","0,57","0,72 %","2,30 %","4,99 %","9,94 %","0,77 %","0,83 %","0,83 %","5,87 %","1,94 %","2,68 %","33,31 %","143.138.450,33","83,61","0,96","0,66 %","-5,52 %","-4,90 %","5,15 %",N/A,N/A,0
87,CXTL11,IMÓVEIS INDUSTRIAIS E LOGÍSTICOS,"313,70","29.558,36","0,76","2,02","0,64 %","3,63 %","9,02 %","25,80 %","1,21 %","1,50 %","2,15 %","25,80 %","-1,83 %","-1,20 %","-7,67 %","22.220.588,79","686,89","0,46","0,20 %","-1,86 %","-1,66 %","-1,49 %",N/A,N/A,1
88,CYCR11,INDEFINIDO,"9,13","394.425,00","0,93","0,10","1,10 %","3,53 %","7,20 %","14,18 %","1,18 %","1,20 %","1,18 %","8,32 %","1,33 %","2,45 %","11,06 %","160.228.437,53","95,07","0,10","0,11 %","-0,69 %","-0,59 %","6,16 %",N/A,N/A,0
89,DAMT11B,SHOPPINGS,"18,22","534,85","1,38","0,07","0,37 %","1,23 %","3,21 %","5,27 %","0,41 %","0,54 %","0,66 %","4,23 %","7,03 %","7,43 %","27,39 %","96.399.874,23",N/A,N/A,N/A,N/A,N/A,N/A,N/A,N/A,1
90,DCRA11,MISTO,"9,56","272.372,58",N/A,"0,13","1,38 %","4,16 %","8,03 %","15,50 %","1,39 %","1,34 %","1,29 %","8,03 %","3,97 %","5,40 %","10,65 %",N/A,N/A,N/A,N/A,N/A,N/A,N/A,N/A,N/A,0
91,DEVA11,PAPÉIS,"54,89","1.954.011,50","0,58","0,60","0,95 %","3,60 %","7,20 %","12,84 %","1,20 %","1,20 %","1,07 %","7,20 %","-8,01 %","-7,14 %","-26,17 %","1.332.833.441,25","101,34","0,54","0,89 %","0,14 %","1,03 %","18,73 %",N/A,N/A,0
92,DLMT11,VAREJO,N/A,N/A,N/A,"0,01","0,00 %","0,00 %","0,00 %","0,00 %","0,00 %","0,00 %","0,00 %","0,00 %","0,00 %","0,00 %",N/A,"8.837.830,17",N/A,N/A,N/A,N/A,N/A,N/A,N/A,N/A,5
93,DPRO11,INDEFINIDO,"96,14","12.876,00","0,98","0,83","0,00 %","0,82 %","2,57 %","8,54 %","0,27 %","0,43 %","0,85 %","2,57 %","0,00 %","0,00 %",N/A,"35.991.692,18",N/A,N/A,N/A,N/A,N/A,N/A,N/A,N/A,1
94,DRIT11B,LAJES CORPORATIVAS,"95,06","486,72","0,72","0,80","0,80 %","1,66 %","3,77 %","6,64 %","0,55 %","0,63 %","0,55 %","3,77 %","0,00 %","0,00 %",N/A,"61.503.337,88","125,65","0,76","0,53 %","-0,20 %","0,34 %","2,37 %",N/A,N/A,6
95,DVFF11,FUNDO DE FUNDOS,"86,47","27.388,88","0,91","0,70","0,84 %","2,95 %","6,08 %","12,31 %","0,98 %","1,01 %","1,03 %","6,08 %","12,59 %","13,53 %","24,30 %","105.045.396,15","91,56","0,94","0,93 %","-4,01 %","-3,12 %","8,77 %",N/A,N/A,0
96,EDFO11B,LAJES CORPORATIVAS,"189,00","5.066,89","1,05","1,77","0,92 %","2,71 %","5,27 %","10,30 %","0,90 %","0,88 %","0,86 %","6,13 %","1,32 %","2,25 %","-6,99 %","42.650.954,70","191,82","0,99","0,86 %","-0,03 %","0,82 %","7,83 %",N/A,N/A,1
97,EDGA11,LAJES CORPORATIVAS,"21,50","27.380,62","0,35","0,07","0,32 %","1,47 %","3,38 %","7,09 %","0,49 %","0,56 %","0,59 %","3,38 %","0,71 %","1,03 %","12,21 %","233.490.676,19","66,14","0,33","0,23 %","-0,02 %","0,21 %","0,95 %",N/A,N/A,1
98,EGAF11,INDEFINIDO,"100,00","629.576,08","1,03","1,40","1,39 %","4,02 %","8,15 %","25,48 %","1,34 %","1,36 %","2,83 %","8,15 %","-0,67 %","0,71 %","6,18 %","109.513.479,76","98,07","1,02","1,22 %","0,00 %","0,00 %","0,00 %",N/A,N/A,0
99,EQIA11,FIAGRO,N/A,N/A,N/A,"0,45",N/A,N/A,N/A,N/A,N/A,N/A,N/A,N/A,N/A,N/A,N/A,N/A,N/A,N/A,N/A,N/A,N/A,N/A,N/A,N/A,0
100,EQIR11,INDEFINIDO,"8,88","164.018,04","0,88","0,11","1,23 %","3,70 %","7,41 %","33,82 %","1,23 %","1,24 %","2,82 %","7,41 %","0,56 %","1,80 %","-1,43 %","50.715.472,85","9,80","0,91","1,12 %","-1,52 %","-0,41 %","-89,58 %",N/A,N/A,0
101,ERCR11,VAREJO,"76.000,00",N/A,"1,30","1.407,21",N/A,N/A,N/A,N/A,N/A,N/A,N/A,N/A,N/A,N/A,N/A,"138.531.340,20","69.829,66","1,09","1,12 %","-0,10 %","1,02 %","3,32 %",N/A,N/A,0
102,ERPA11,LAJES CORPORATIVAS,"119,00","28.566,60","0,87","0,73","0,61 %","1,24 %","1,24 %","2,34 %","0,41 %","0,21 %","0,20 %","1,24 %","6,24 %","6,89 %","6,89 %","68.711.090,37","116,21","1,02","0,60 %","0,01 %","0,61 %","3,77 %",N/A,N/A,2
103,EURO11,IMÓVEIS INDUSTRIAIS E LOGÍSTICOS,"242,32","47.921,50","0,77","1,85","0,76 %","2,26 %","4,69 %","9,42 %","0,75 %","0,78 %","0,79 %","5,47 %","-0,02 %","0,74 %","12,46 %","124.828.851,68","312,91","0,77","0,61 %","0,01 %","0,62 %","6,68 %",N/A,N/A,7
104,EVBI11,MISTO,"96,62","126.929,69","0,99","0,86","0,90 %","2,44 %","4,84 %","9,48 %","0,81 %","0,81 %","0,79 %","5,65 %","-0,93 %","-0,04 %","7,81 %","212.320.474,40","100,21","0,96","0,75 %","-0,71 %","0,03 %","7,70 %",N/A,N/A,8
105,EXES11,INDEFINIDO,"88,00","2.992,00","0,94","1,04","0,00 %","0,00 %","0,00 %","0,00 %","0,00 %","0,00 %","0,00 %","0,00 %","0,00 %","0,00 %",N/A,"38.508.383,37",N/A,N/A,N/A,N/A,N/A,N/A,N/A,N/A,0
106,FAED11,EDUCACIONAL,"177,02","236.815,50","0,82","1,48","0,89 %","3,05 %","6,41 %","12,62 %","1,02 %","1,07 %","1,05 %","6,41 %","14,92 %","15,94 %","20,58 %","139.762.085,60","216,18","0,82","0,71 %","0,00 %","0,71 %","4,95 %",N/A,N/A,3
107,FAMB11B,LAJES CORPORATIVAS,"959,49","137.842,96","0,33","9,16","0,56 %","2,18 %","4,80 %","10,11 %","0,73 %","0,80 %","0,84 %","5,64 %","-47,80 %","-47,51 %","-53,68 %","308.443.046,17","3.593,26","0,27","0,25 %","0,53 %","0,79 %","12,82 %",N/A,N/A,1
108,FATN11,LAJES CORPORATIVAS,"96,69","215.825,04","0,98","0,84","0,87 %","2,61 %","5,24 %","10,68 %","0,87 %","0,87 %","0,89 %","5,24 %","-0,31 %","0,56 %","8,38 %","126.177.918,70","101,40","0,95","0,79 %","0,37 %","1,16 %","7,01 %",N/A,N/A,29
109,FCFL11,EDUCACIONAL,"115,97","174.598,42","1,00","0,79","0,69 %","2,17 %","4,46 %","8,55 %","0,72 %","0,74 %","0,71 %","4,46 %","5,53 %","6,26 %","4,99 %","403.746.083,48","104,80","1,11","0,73 %","0,00 %","0,73 %","5,64 %",N/A,N/A,1
110,FEXC11,PAPÉIS,"83,50","860.137,12","0,10","0,50","0,00 %","1,08 %","4,14 %","11,48 %","0,36 %","0,69 %","0,96 %","0,00 %","0,00 %","0,00 %",N/A,"1.001.470.167,13","90,75","0,92","0,99 %","-1,13 %","-0,15 %","7,12 %",N/A,N/A,0
111,FGAA11,INDEFINIDO,"9,99","1.350.169,35","1,01","0,13","1,30 %","4,07 %","8,21 %","16,73 %","1,36 %","1,37 %","1,39 %","8,21 %","2,99 %","4,33 %","8,06 %","326.955.560,01","9,59","1,04","1,36 %","0,00 %","0,00 %","0,00 %",N/A,N/A,0
112,FIGS11,SHOPPINGS,"64,89","214.536,92","0,86","0,45","0,70 %","2,66 %","5,13 %","9,52 %","0,89 %","0,86 %","0,79 %","5,94 %","6,67 %","7,41 %","34,43 %","216.278.029,15","99,78","0,65","0,39 %","-0,01 %","0,38 %","4,38 %",N/A,N/A,2
113,FIIB11,IMÓVEIS INDUSTRIAIS E LOGÍSTICOS,"519,99","192.020,46","1,12","3,70","0,73 %","2,03 %","4,21 %","8,90 %","0,68 %","0,70 %","0,74 %","4,93 %","-1,08 %","-0,36 %","13,43 %","316.217.639,17","455,67","1,14","0,83 %","-0,10 %","0,74 %","7,62 %",N/A,N/A,9
114,FIIP11B,IMÓVEIS INDUSTRIAIS E LOGÍSTICOS,"170,17","51.902,69","0,87","1,44","0,81 %","2,56 %","5,38 %","10,56 %","0,85 %","0,90 %","0,88 %","6,30 %","7,52 %","8,40 %","28,87 %","188.397.416,59","186,18","0,91","0,73 %","-0,12 %","0,60 %","0,12 %",N/A,N/A,7
115,FISC11,LAJES CORPORATIVAS,"165,00",N/A,"1,43","0,45","0,00 %","0,00 %","0,00 %","0,00 %","0,00 %","0,00 %","0,00 %","0,00 %","0,00 %","0,00 %",N/A,"195.825.346,53","116,06","1,42","0,21 %","0,02 %","0,22 %","1,04 %",N/A,N/A,5
116,FLCR11,PAPÉIS,"96,19","136.536,85","0,97","1,31","1,35 %","4,12 %","7,73 %","13,65 %","1,37 %","1,29 %","1,14 %","7,73 %","2,79 %","4,18 %","8,17 %","62.831.792,34","98,63","0,98","0,91 %","-0,68 %","0,23 %","8,93 %",N/A,N/A,0
117,FLMA11,LAJES CORPORATIVAS,"138,89","101.711,38","0,87","0,97","0,69 %","2,13 %","4,11 %","8,52 %","0,71 %","0,69 %","0,71 %","4,11 %","9,31 %","10,06 %","13,72 %","220.678.849,19","157,29","0,88","0,59 %","0,07 %","0,66 %","6,45 %",N/A,N/A,2
118,FLRP11,SHOPPINGS,"1.900,00","13.799,39","1,04","13,50","0,68 %","1,43 %","3,83 %","8,40 %","0,48 %","0,64 %","0,70 %","4,65 %","0,00 %","0,00 %",N/A,"119.002.418,35","1.730,91","1,10","0,55 %","0,14 %","0,68 %","4,66 %",N/A,N/A,1
119,FMOF11,LAJES CORPORATIVAS,"57,00","44.363,64","0,48","0,15","0,00 %","0,53 %","2,38 %","5,09 %","0,18 %","0,40 %","0,42 %","0,00 %","0,00 %","0,00 %",N/A,"60.277.587,87","122,64","0,46","0,11 %","-0,19 %","-0,08 %","-0,08 %",N/A,N/A,2
120,FPAB11,LAJES CORPORATIVAS,"185,00","3.550,62","0,49","5,67","3,03 %","4,85 %","7,36 %","12,92 %","1,62 %","1,23 %","1,08 %","8,56 %","0,26 %","3,30 %","48,61 %","280.681.557,68","410,44","0,45","0,40 %","0,00 %","0,40 %","4,53 %",N/A,N/A,2
121,FRHY11,INDEFINIDO,N/A,N/A,N/A,"1,03","0,00 %","0,00 %","0,00 %","0,00 %","0,00 %","0,00 %","0,00 %","0,00 %","0,00 %","0,00 %",N/A,"9.539.601,46",N/A,N/A,N/A,N/A,N/A,N/A,N/A,N/A,0
122,FVPQ11,SHOPPINGS,"118,86","57.948,88","0,62","1,14","0,97 %","3,29 %","5,84 %","10,05 %","1,10 %","0,97 %","0,84 %","7,07 %","7,59 %","8,63 %","25,03 %","539.280.198,21","198,60","0,60","0,28 %","-0,03 %","0,25 %","4,39 %",N/A,N/A,1
123,FZDA11,INDEFINIDO,"121,00","116.685,68","1,17","2,26","1,90 %","1,90 %","1,90 %","1,90 %","1,90 %","1,90 %","1,90 %","1,90 %","0,00 %","0,00 %",N/A,"158.007.687,28","101,94","1,19","2,21 %","0,00 %","0,00 %","0,00 %",N/A,N/A,0
124,GALG11,IMÓVEIS INDUSTRIAIS E LOGÍSTICOS,"9,11","1.017.805,92","0,99","0,08","0,89 %","2,72 %","5,63 %","10,79 %","0,91 %","0,94 %","0,90 %","6,52 %","-1,08 %","-0,20 %","4,21 %","526.464.909,58","9,36","0,97","0,88 %","-7,87 %","-7,06 %","-90,09 %",N/A,N/A,5
125,GAME11,INDEFINIDO,"9,34","181.803,65","0,92","0,10","1,08 %","3,38 %","6,86 %","13,54 %","1,13 %","1,14 %","1,13 %","6,86 %","5,08 %","6,22 %","12,89 %","220.478.093,86","9,84","0,95","1,02 %","0,20 %","1,22 %","-98,84 %",N/A,N/A,0
126,GCFF11,FUNDO DE FUNDOS,"69,30","87.694,83","0,89","3,07","0,00 %","2,25 %","5,27 %","11,25 %","0,75 %","0,88 %","0,94 %","3,26 %","0,00 %","0,00 %",N/A,"27.939.468,78","82,69","0,84","0,87 %","-3,88 %","-3,05 %","-3,37 %",N/A,N/A,0
127,GCRA11,INDEFINIDO,"91,85","482.092,27","0,95","1,12","1,16 %","3,82 %","7,73 %","14,98 %","1,27 %","1,29 %","1,25 %","7,73 %","2,88 %","4,08 %","7,11 %","171.608.604,07","98,01","0,94","1,31 %","0,01 %","1,32 %","14,22 %",N/A,N/A,0
128,GCRI11,PAPÉIS,"89,33","155.935,92","0,94","1,00","1,07 %","3,49 %","7,15 %","14,34 %","1,16 %","1,19 %","1,20 %","7,15 %","1,94 %","3,03 %","7,03 %","139.187.439,32","94,35","0,95","1,17 %","-2,34 %","-1,20 %","0,94 %",N/A,N/A,0
129,GESE11B,EDUCACIONAL,"1.520,00",N/A,"0,86","14,60","0,00 %","0,00 %","0,00 %","0,00 %","0,00 %","0,00 %","0,00 %","0,00 %","0,00 %","0,00 %",N/A,"91.586.792,41","1.767,92","0,86","0,79 %","0,00 %","0,79 %","2,41 %",N/A,N/A,1
130,GGRC11,IMÓVEIS INDUSTRIAIS E LOGÍSTICOS,"119,42","1.173.994,15","1,05","0,95","0,79 %","2,54 %","5,33 %","10,42 %","0,85 %","0,89 %","0,87 %","6,25 %","-1,71 %","-0,93 %","11,06 %","926.184.281,36","124,59","0,96","0,82 %","-0,14 %","0,68 %","2,07 %",N/A,N/A,17
131,GRWA11,INDEFINIDO,"10,33","16.185,12","1,02","0,14","1,36 %","3,52 %","3,52 %","3,52 %","1,17 %","1,17 %","1,17 %","3,52 %","0,59 %","1,96 %","4,17 %","12.861.567,79","10,15","1,02","1,38 %","0,00 %","0,00 %","0,00 %",N/A,N/A,0
132,GSFI11,SHOPPINGS,"7,32","901.163,38","0,52","0,00","0,03 %","0,03 %","0,03 %","0,03 %","0,01 %","0,00 %","0,00 %","0,03 %","0,00 %","0,03 %","0,03 %","1.066.817.479,30","11,90","0,62","0,01 %","0,01 %","0,02 %","0,02 %",N/A,N/A,9
133,GTLG11,IMÓVEIS INDUSTRIAIS E LOGÍSTICOS,"63,71","15.328,24","0,73","31,23",N/A,N/A,N/A,N/A,N/A,N/A,N/A,N/A,N/A,N/A,N/A,"651.092.685,06","93,65","0,68","0,75 %","-0,13 %","0,62 %","3,69 %",N/A,N/A,5
134,GTWR11,LAJES CORPORATIVAS,"83,80","894.257,08","0,88","0,79","0,94 %","2,91 %","6,02 %","11,68 %","0,97 %","1,00 %","0,97 %","7,08 %","4,35 %","5,33 %","13,36 %","1.140.291.984,48","98,05","0,85","0,75 %","0,03 %","0,79 %","8,09 %",N/A,N/A,3
135,HAAA11,LAJES CORPORATIVAS,"62,01","1.911,80","0,77","0,29","0,45 %","1,14 %","3,17 %","6,24 %","0,38 %","0,53 %","0,52 %","3,76 %","0,00 %","0,45 %","-21,36 %","278.890.336,47","89,97","0,69","0,60 %","-0,40 %","0,20 %","1,32 %",N/A,N/A,2
136,HABT11,PAPÉIS,"95,34","1.273.374,23","0,95","1,20","1,25 %","3,89 %","8,21 %","14,89 %","1,30 %","1,37 %","1,24 %","9,51 %","-1,34 %","-0,10 %","17,15 %","810.170.305,45","99,80","0,96","0,92 %","0,14 %","1,06 %","15,75 %",N/A,N/A,0
137,HBCR11,INDEFINIDO,"120,62","3.770.433,25","1,17","0,64","0,00 %","1,05 %","1,54 %","2,78 %","0,35 %","0,26 %","0,23 %","1,54 %","0,00 %","0,00 %",N/A,"115.457.700,39",N/A,N/A,N/A,N/A,N/A,N/A,N/A,N/A,4
138,HBRH11,LAJES CORPORATIVAS,"95,12","101.818,63","0,85","0,54","0,56 %","1,75 %","3,79 %","7,97 %","0,58 %","0,63 %","0,66 %","4,50 %","0,89 %","1,46 %","15,32 %","311.440.769,03","113,29","0,84","0,53 %","0,10 %","0,63 %","7,47 %",N/A,N/A,5
139,HCHG11,PAPÉIS,"80,16","51.331,69","0,82","1,05","1,27 %","3,78 %","7,31 %","14,35 %","1,26 %","1,22 %","1,20 %","8,52 %","3,46 %","4,77 %","5,27 %","117.148.230,75","100,07","0,80","1,00 %","-0,38 %","0,61 %","13,16 %",N/A,N/A,0
140,HCRA11,INDEFINIDO,"102,90","603,29",N/A,"1,29","1,24 %","2,30 %","3,67 %","4,85 %","0,77 %","0,61 %","0,40 %","3,67 %","0,00 %","0,00 %",N/A,N/A,N/A,N/A,N/A,N/A,N/A,N/A,N/A,N/A,0
141,HCRI11,HOSPITALAR,"300,00","38.285,04","0,96","2,68","1,02 %","3,17 %","6,54 %","14,25 %","1,06 %","1,09 %","1,19 %","6,54 %","7,13 %","8,23 %","23,12 %","61.641.820,00","299,94","1,00","0,81 %","-0,00 %","0,81 %","3,06 %",N/A,N/A,1
142,HCTR11,PAPÉIS,"54,40","2.805.653,04","0,50","0,50","0,83 %","2,63 %","5,41 %","11,84 %","0,88 %","0,90 %","0,99 %","5,41 %","-7,63 %","-6,86 %","-37,61 %","2.440.960.968,17","121,43","0,45","0,91 %","-0,11 %","0,80 %","16,89 %",N/A,N/A,0
143,HDEL11,IMÓVEIS INDUSTRIAIS E LOGÍSTICOS,"106,09","7.956,50","1,35","1,87","0,00 %","0,00 %","0,00 %","0,00 %","0,00 %","0,00 %","0,00 %","0,00 %","0,00 %","0,00 %",N/A,"29.668.960,50",N/A,N/A,N/A,N/A,N/A,N/A,N/A,N/A,0
144,HFOF11,FUNDO DE FUNDOS,"82,30","2.023.314,46","1,00","0,63","0,78 %","2,46 %","5,33 %","10,41 %","0,82 %","0,89 %","0,87 %","6,28 %","1,77 %","2,57 %","22,81 %","1.903.337.123,95","82,16","1,00","0,75 %","-4,45 %","-3,73 %","4,99 %",N/A,N/A,0
145,HGAG11,INDEFINIDO,"26,07","18.790,92","1,47","0,24","0,92 %","2,95 %","7,40 %","12,31 %","0,98 %","1,23 %","1,03 %","9,09 %","-10,03 %","-9,21 %","5,20 %","5.731.825,70","23,09","1,13","1,99 %","0,00 %","0,00 %","0,00 %",N/A,N/A,0
146,HGBS11,SHOPPINGS,"226,56","2.003.141,00","1,02","1,55","0,69 %","2,06 %","4,33 %","8,44 %","0,69 %","0,72 %","0,70 %","5,09 %","3,51 %","4,23 %","24,79 %","2.223.428.871,06","216,98","1,04","0,65 %","-0,63 %","0,02 %","7,57 %",N/A,N/A,12
147,HGCR11,PAPÉIS,"105,39","4.064.990,35","1,03","1,10","1,04 %","3,35 %","6,86 %","13,83 %","1,12 %","1,14 %","1,15 %","8,03 %","1,45 %","2,51 %","11,87 %","1.596.166.619,78","101,20","1,04","1,19 %","-1,20 %","-0,03 %","12,64 %",N/A,N/A,0
148,HGFF11,FUNDO DE FUNDOS,"88,30","828.441,65","0,95","0,65","0,73 %","2,31 %","5,03 %","10,11 %","0,77 %","0,84 %","0,84 %","5,93 %","1,50 %","2,24 %","30,72 %","266.323.658,89","87,45","1,01","0,74 %","-5,38 %","-4,67 %","5,29 %",N/A,N/A,0
149,HGIC11,PAPÉIS,"106,42","7.950,08","0,91","1,00","0,94 %","3,03 %","4,98 %","10,81 %","1,01 %","0,83 %","0,90 %","5,60 %","1,43 %","2,38 %","-2,82 %","54.058.557,87","114,02","0,93","0,96 %","-2,08 %","-1,14 %","17,05 %",N/A,N/A,0
150,HGLG11,IMÓVEIS INDUSTRIAIS E LOGÍSTICOS,"163,56","9.799.413,19","1,06","1,10","0,67 %","2,26 %","4,31 %","8,95 %","0,75 %","0,72 %","0,75 %","4,99 %","-2,38 %","-1,73 %","4,30 %","3.608.679.089,96","147,80","1,11","0,74 %","0,37 %","1,11 %","9,68 %",N/A,N/A,20
151,HGPO11,LAJES CORPORATIVAS,"293,50","553.186,54","0,98","1,60","0,55 %","1,74 %","3,69 %","7,38 %","0,58 %","0,62 %","0,62 %","4,31 %","4,16 %","4,73 %","14,84 %","524.391.033,34","267,63","1,10","0,60 %","-0,05 %","0,54 %","5,96 %",N/A,N/A,2
152,HGRE11,LAJES CORPORATIVAS,"142,59","2.889.029,85","0,91","0,78","0,55 %","2,13 %","4,14 %","7,99 %","0,71 %","0,69 %","0,67 %","4,83 %","0,57 %","1,13 %","21,47 %","1.837.461.314,87","161,29","0,88","0,48 %","-0,12 %","0,36 %","2,41 %",N/A,N/A,19
153,HGRU11,MISTO,"129,70","4.283.050,35","1,05","0,85","0,64 %","2,38 %","4,55 %","9,48 %","0,79 %","0,76 %","0,79 %","5,24 %","0,11 %","0,75 %","14,25 %","2.273.290.355,87","120,00","1,08","0,68 %","-0,37 %","0,31 %","9,23 %",N/A,N/A,71
154,HLOG11,IMÓVEIS INDUSTRIAIS E LOGÍSTICOS,"98,82","64.176,23","0,85","0,65","0,68 %","2,10 %","4,44 %","8,63 %","0,70 %","0,74 %","0,72 %","5,19 %","0,14 %","0,82 %","11,63 %","488.537.842,94","111,05","0,89","0,59 %","-0,07 %","0,51 %","5,12 %",N/A,N/A,5
155,HOFC11,LAJES CORPORATIVAS,"24,06","92.207,04","0,27","0,20","0,84 %","3,83 %","5,88 %","8,92 %","1,28 %","0,98 %","0,74 %","6,31 %","1,80 %","2,66 %","-10,25 %","337.567.091,65",N/A,N/A,N/A,N/A,N/A,N/A,N/A,N/A,4
156,HOSI11,IMÓVEIS RESIDENCIAIS,"68,16","6.743,88","0,74","0,47","0,67 %","4,59 %","6,62 %","12,59 %","1,53 %","1,10 %","1,05 %","7,30 %","12,91 %","13,66 %","29,62 %","52.797.350,72","93,20","0,73","0,46 %","0,26 %","0,72 %","5,35 %",N/A,N/A,0
157,HPDP11,SHOPPINGS,"88,88","3.001,70","0,99","0,53","0,64 %","2,69 %","3,99 %","6,90 %","0,90 %","0,67 %","0,58 %","4,57 %","12,06 %","12,78 %","26,51 %","260.308.014,78","95,00","0,94","0,53 %","0,14 %","0,67 %","5,81 %",N/A,N/A,1
158,HRDF11,FUNDO DE DESENVOLVIMENTO,"4,24","3.697,92","0,69","5,40",N/A,N/A,N/A,N/A,N/A,N/A,N/A,N/A,N/A,N/A,N/A,"9.277.649,58",N/A,N/A,N/A,N/A,N/A,N/A,N/A,N/A,0
159,HREC11,PAPÉIS,"83,46","166.793,77","0,89","0,85","1,01 %","3,14 %","6,66 %","12,78 %","1,05 %","1,11 %","1,07 %","7,80 %","-0,83 %","0,18 %","11,38 %","482.984.822,14","89,66","0,93","1,06 %","-1,80 %","-0,76 %","9,87 %",N/A,N/A,0
160,HSAF11,PAPÉIS,"87,01","481.826,77","0,93","0,80","0,90 %","3,46 %","7,19 %","13,56 %","1,15 %","1,20 %","1,13 %","8,32 %","2,00 %","2,91 %","22,44 %","236.467.662,73","91,55","0,95","0,66 %","-0,67 %","-0,02 %","8,39 %",N/A,N/A,0
161,HSLG11,IMÓVEIS INDUSTRIAIS E LOGÍSTICOS,"100,06","1.021.334,38","0,96","0,73","0,76 %","2,37 %","5,08 %","9,68 %","0,79 %","0,85 %","0,81 %","5,95 %","1,08 %","1,85 %","14,58 %","1.320.337.156,47","105,22","0,95","0,67 %","-0,05 %","0,62 %","0,99 %",N/A,N/A,5
162,HSML11,SHOPPINGS,"95,81","3.221.512,92","1,01","0,74","0,78 %","2,41 %","5,15 %","9,92 %","0,80 %","0,86 %","0,83 %","6,03 %","0,96 %","1,75 %","22,61 %","1.500.704.182,37","97,37","0,98","0,70 %","-0,19 %","0,51 %","4,26 %",N/A,N/A,7
163,HSRE11,MISTO,"103,40","737.989,94","1,11","0,60","0,58 %","0,58 %","2,42 %","5,51 %","0,19 %","0,40 %","0,46 %","3,03 %","0,00 %","0,00 %",N/A,"830.655.516,38","96,20","1,07","0,65 %","-0,04 %","0,62 %","5,83 %",N/A,N/A,27
164,HTMX11,HOTÉIS,"133,60","634.257,81","0,96","1,87","1,40 %","4,38 %","7,40 %","12,67 %","1,46 %","1,23 %","1,06 %","8,05 %","4,45 %","5,91 %","29,98 %","207.257.088,16","131,52","1,02","0,97 %","-0,42 %","0,55 %","7,47 %",N/A,N/A,23
165,HUCG11,HOSPITALAR,"101,95","6.646,64","0,99","0,32","0,00 %","0,98 %","1,66 %","5,82 %","0,33 %","0,28 %","0,49 %","2,12 %","0,00 %","0,00 %",N/A,"115.035.182,13",N/A,N/A,N/A,N/A,N/A,N/A,N/A,N/A,2
166,HUSC11,HOSPITALAR,"110,00","7.932,38","0,76","0,92","0,87 %","2,56 %","4,26 %","8,41 %","0,85 %","0,71 %","0,70 %","5,09 %","0,47 %","1,35 %","10,46 %","119.101.953,07","146,16","0,75","0,60 %","2,35 %","2,96 %","7,11 %",N/A,N/A,2
167,HUSI11,HOSPITALAR,"1.136,80","24.439,50","1,03","7,63","0,00 %","0,68 %","0,68 %","4,18 %","0,23 %","0,11 %","0,35 %","1,33 %","0,00 %","0,00 %",N/A,"128.915.777,56","991,67","1,15","0,88 %","-0,83 %","0,05 %","4,33 %",N/A,N/A,0
168,IAAG11,INDEFINIDO,"10,02","64.211,25","1,04","0,05","0,50 %","0,50 %","0,50 %","0,50 %","0,50 %","0,50 %","0,50 %","0,50 %","0,00 %","0,00 %",N/A,"52.369.136,26",N/A,N/A,N/A,N/A,N/A,N/A,N/A,N/A,0
169,IBCR11,PAPÉIS,"78,83","147.143,96","0,81","0,88","1,10 %","3,52 %","7,04 %","13,76 %","1,17 %","1,17 %","1,15 %","7,04 %","1,69 %","2,81 %","1,73 %","92.634.835,51","95,51","0,83","0,84 %","-0,91 %","-0,08 %","9,49 %",N/A,N/A,0
170,IBFF11,FUNDO DE FUNDOS,"66,40","162.549,50","4,49","14,79","0,00 %","0,44 %","2,85 %","8,02 %","0,15 %","0,48 %","0,67 %","5,41 %","0,00 %","0,00 %",N/A,"9.855.905,16","72,54","0,92","0,69 %","-1,95 %","-1,28 %","-0,61 %",N/A,N/A,0
171,IDFI11,INDEFINIDO,"37,39","271.720,00","0,94","2,92",N/A,N/A,N/A,N/A,N/A,N/A,N/A,N/A,N/A,N/A,N/A,"82.408.919,07","59,67","0,63","0,48 %","-1,60 %","-1,13 %","-18,15 %",N/A,N/A,2
172,IFRA11,FUNDO DE DESENVOLVIMENTO,"103,79","835.968,81",N/A,"1,07","1,02 %","3,10 %","5,69 %","11,70 %","1,03 %","0,95 %","0,98 %","6,69 %","0,93 %","1,96 %","10,75 %",N/A,N/A,N/A,N/A,N/A,N/A,N/A,N/A,N/A,0
173,IRDM11,PAPÉIS,"87,68","4.370.136,96","0,97","0,87","0,97 %","3,02 %","6,26 %","12,11 %","1,01 %","1,04 %","1,01 %","6,26 %","2,13 %","3,12 %","3,10 %","3.265.514.030,59","93,04","0,94","0,75 %","-1,77 %","-1,03 %","3,28 %",N/A,N/A,0
174,IRIM11,INDEFINIDO,"95,50","65.282,12","1,00","1,09","1,15 %","3,38 %","6,81 %","13,02 %","1,13 %","1,14 %","1,09 %","6,81 %","6,68 %","7,90 %","7,35 %","184.215.853,07","97,23","0,98","0,74 %","-1,35 %","-0,62 %","2,72 %",N/A,N/A,0
175,ITIP11,PAPÉIS,"76,21","66.779,27","0,96","0,79","1,02 %","3,28 %","6,66 %","12,67 %","1,09 %","1,11 %","1,06 %","7,76 %","2,14 %","3,18 %","4,53 %","58.556.594,36","80,92","0,94","0,91 %","-2,90 %","-2,01 %","2,57 %",N/A,N/A,0
176,ITIT11,FUNDO DE FUNDOS,"78,11","105.575,27","0,90","0,66","0,85 %","2,40 %","4,72 %","9,19 %","0,80 %","0,79 %","0,77 %","5,58 %","5,42 %","6,32 %","2,74 %","77.961.866,55","79,66","0,98","0,72 %","-5,82 %","-5,15 %","6,88 %",N/A,N/A,0
177,JASC11,IMÓVEIS COMERCIAIS - OUTROS,"100,00","8.480.833,33","0,97","0,55","0,00 %","0,00 %","0,00 %","0,00 %","0,00 %","0,00 %","0,00 %","0,00 %","0,00 %","0,00 %",N/A,"279.201.104,06",N/A,N/A,N/A,N/A,N/A,N/A,N/A,N/A,12
178,JBFO11,PAPÉIS,"92,01","55.206,00","1,04","0,54","0,00 %","0,00 %","0,00 %","0,00 %","0,00 %","0,00 %","0,00 %","0,00 %","0,00 %","0,00 %",N/A,"113.515.390,09",N/A,N/A,N/A,N/A,N/A,N/A,N/A,N/A,0
179,JFLL11,IMÓVEIS RESIDENCIAIS,"74,28","64.873,15","0,74","0,62","0,84 %","2,60 %","5,65 %","11,17 %","0,87 %","0,94 %","0,93 %","6,70 %","3,29 %","4,16 %","20,61 %","151.536.930,84","100,49","0,74","0,62 %","0,03 %","0,65 %","7,43 %",N/A,N/A,2
180,JGPX11,INDEFINIDO,"99,81","200.609,42","1,00","1,28","1,28 %","4,00 %","7,82 %","15,28 %","1,33 %","1,30 %","1,27 %","9,18 %","-1,29 %","-0,03 %","12,87 %","81.784.381,54","96,43","1,04","1,21 %","0,48 %","1,70 %","12,76 %",N/A,N/A,0
181,JPPA11,PAPÉIS,"99,11","321.425,23","1,00","1,25","1,25 %","3,97 %","8,21 %","16,59 %","1,32 %","1,37 %","1,38 %","9,55 %","2,90 %","4,19 %","4,31 %","89.729.539,93","99,04","1,00","1,41 %","-0,73 %","0,67 %","11,76 %",N/A,N/A,0
182,JRDM11,SHOPPINGS,"85,90","610.682,00","0,97","7,83",N/A,N/A,N/A,N/A,N/A,N/A,N/A,N/A,N/A,N/A,N/A,"224.143.181,16","87,34","0,98","0,79 %","-0,06 %","0,72 %","4,19 %",N/A,N/A,1
183,JSAF11,FUNDO DE FUNDOS,"97,40","619.123,15","0,99","0,93","0,95 %","3,03 %","6,43 %","12,87 %","1,01 %","1,07 %","1,07 %","7,59 %","5,93 %","6,93 %","24,37 %","155.330.152,82","94,13","1,03","0,99 %","-4,06 %","-3,12 %","7,12 %",N/A,N/A,0
184,JSRE11,MISTO,"76,86","3.111.640,69","0,68","0,46","0,57 %","1,77 %","3,88 %","7,68 %","0,59 %","0,65 %","0,64 %","4,64 %","0,45 %","1,02 %","14,86 %","2.340.997.304,52","113,42","0,68","0,43 %","0,00 %","0,44 %","4,34 %",N/A,N/A,6
185,JURO11,FUNDO DE DESENVOLVIMENTO,"106,93","1.496.214,88",N/A,"1,50","1,41 %","3,82 %","5,30 %","13,13 %","1,27 %","0,88 %","1,09 %","5,30 %","2,82 %","4,27 %","6,26 %",N/A,N/A,N/A,N/A,N/A,N/A,N/A,N/A,N/A,0
186,KCRE11,INDEFINIDO,"98,42","404.835,31","0,93","0,90","0,92 %","3,56 %","7,10 %","11,40 %","1,19 %","1,18 %","0,95 %","8,30 %","-0,63 %","0,29 %","20,81 %","376.004.610,83","98,96","0,99","0,52 %","-1,96 %","-1,46 %","1,56 %",N/A,N/A,0
187,KDIF11,FUNDO DE DESENVOLVIMENTO,"132,70","2.557.130,31",N/A,"1,00","0,76 %","2,27 %","5,13 %","11,08 %","0,76 %","0,86 %","0,92 %","6,24 %","0,91 %","1,68 %","10,97 %",N/A,N/A,N/A,N/A,N/A,N/A,N/A,N/A,N/A,0
188,KEVE11,FUNDO DE DESENVOLVIMENTO,"1.088,98","103.436,80","1,19","19,57","0,00 %","3,38 %","3,38 %","4,66 %","1,13 %","0,56 %","0,39 %","3,38 %","0,00 %","0,00 %",N/A,"135.631.456,47","967,75","1,13","0,28 %","-1,49 %","-1,22 %","-4,29 %",N/A,N/A,0
189,KFOF11,FUNDO DE FUNDOS,"101,70","1.026.468,62","1,04","0,75","0,77 %","2,73 %","5,52 %","10,64 %","0,91 %","0,92 %","0,89 %","6,46 %","4,82 %","5,62 %","32,57 %","442.312.455,66","92,06","1,10","0,78 %","-6,43 %","-5,70 %","6,11 %",N/A,N/A,0
190,KINP11,FUNDO DE DESENVOLVIMENTO,"9,82","38.394,20","2,66","2,90","0,00 %","4,91 %","14,60 %","31,63 %","1,64 %","2,43 %","2,64 %","12,53 %","0,00 %","0,00 %",N/A,"26.408.606,84","4,80","2,05","5,01 %","-6,28 %","-1,58 %","1,04 %",N/A,N/A,0
191,KISU11,FUNDO DE FUNDOS,"8,73","745.382,00","0,95","0,07","0,79 %","2,60 %","5,33 %","10,91 %","0,87 %","0,89 %","0,91 %","6,26 %","3,65 %","4,47 %","15,76 %","406.617.799,57","8,79","0,99","0,85 %","-5,26 %","-4,46 %","2,09 %",N/A,N/A,0
192,KIVO11,PAPÉIS,"92,41","236.115,77","0,98","1,20","1,27 %","4,90 %","9,50 %","17,51 %","1,63 %","1,58 %","1,46 %","10,96 %","1,02 %","2,30 %","8,32 %","114.694.165,67",N/A,N/A,N/A,N/A,N/A,N/A,N/A,N/A,0
193,KNCA11,INDEFINIDO,"106,38","2.312.909,04","1,05","1,11","1,04 %","3,55 %","6,95 %","14,73 %","1,18 %","1,16 %","1,23 %","8,13 %","-0,46 %","0,58 %","8,33 %","1.441.823.009,54","102,26","1,04","1,11 %","0,07 %","1,18 %","12,58 %",N/A,N/A,0
194,KNCR11,PAPÉIS,"97,99","11.816.769,88","0,97","1,15","1,16 %","3,64 %","6,93 %","13,97 %","1,21 %","1,16 %","1,16 %","8,14 %","1,30 %","2,48 %","8,68 %","5.759.279.230,75","100,66","0,97","1,09 %","-0,02 %","1,08 %","11,76 %",N/A,N/A,0
195,KNHY11,PAPÉIS,"98,00","2.836.934,00","0,96","0,85","0,86 %","3,16 %","6,79 %","11,71 %","1,05 %","1,13 %","0,98 %","8,17 %","0,00 %","0,86 %","10,22 %","1.894.929.728,94","97,68","1,00","0,92 %","-0,96 %","-0,05 %","11,79 %",N/A,N/A,0
196,KNIP11,PAPÉIS,"91,04","12.854.587,35","0,92","0,52","0,56 %","2,46 %","5,69 %","9,67 %","0,82 %","0,95 %","0,81 %","6,80 %","-1,57 %","-1,02 %","7,33 %","7.948.291.981,88","94,80","0,96","0,53 %","-1,90 %","-1,38 %","9,16 %",N/A,N/A,0
197,KNPR11,INDEFINIDO,N/A,N/A,N/A,"3,88","0,00 %","0,00 %","0,00 %","0,00 %","0,00 %","0,00 %","0,00 %","0,00 %","0,00 %","0,00 %",N/A,"58.702.425,08",N/A,N/A,N/A,N/A,N/A,N/A,N/A,N/A,0
198,KNRE11,FUNDO DE DESENVOLVIMENTO,"0,59","12.432,62","0,79","0,07","12,52 %","82,61 %","138,46 %","178,41 %","27,54 %","23,08 %","14,87 %","138,46 %","-44,00 %","-36,99 %","6,59 %","13.997.388,53","0,83","0,71","36,83 %","-28,53 %","-2,21 %","-8,03 %",N/A,N/A,1
199,KNRI11,MISTO,"161,57","4.215.143,35","1,01","0,95","0,59 %","2,16 %","4,19 %","7,99 %","0,72 %","0,70 %","0,67 %","4,84 %","0,93 %","1,52 %","20,70 %","3.869.615.565,11","160,12","1,01","0,57 %","-0,09 %","0,47 %","7,86 %",N/A,N/A,19
200,KNSC11,PAPÉIS,"88,70","3.506.066,46","0,97","0,70","0,79 %","2,84 %","6,17 %","11,31 %","0,95 %","1,03 %","0,94 %","7,35 %","-0,10 %","0,69 %","10,72 %","1.214.035.236,80","88,60","1,00","0,85 %","-1,15 %","-0,31 %","9,95 %",N/A,N/A,0
201,LASC11,SHOPPINGS,"100,95","915.467,00","0,99","0,63","0,62 %","1,22 %","6,03 %","10,29 %","0,41 %","1,01 %","0,86 %","6,90 %","0,00 %","0,00 %",N/A,"300.034.047,66","109,68","0,92","0,74 %","-0,24 %","0,50 %","2,30 %",N/A,N/A,2
202,LAVF11,INDEFINIDO,N/A,N/A,N/A,"1,30","0,00 %","0,00 %","0,00 %","0,00 %","0,00 %","0,00 %","0,00 %","0,00 %","0,00 %","0,00 %",N/A,"116.243,80",N/A,N/A,N/A,N/A,N/A,N/A,N/A,N/A,0
203,LFTT11,PAPÉIS,"50,75","19.826,96","1,73","4,19",N/A,N/A,N/A,N/A,N/A,N/A,N/A,N/A,N/A,N/A,N/A,"217.095.150,35","53,02","0,96","6,92 %","-12,09 %","-6,00 %","-69,33 %",N/A,N/A,284
204,LGCP11,IMÓVEIS INDUSTRIAIS E LOGÍSTICOS,"85,30","997.769,58","0,83","0,64","0,74 %","2,28 %","4,68 %","9,15 %","0,76 %","0,78 %","0,76 %","5,47 %","-2,56 %","-1,84 %","9,95 %","281.149.813,85","102,79","0,83","0,60 %","0,02 %","0,62 %","7,54 %",N/A,N/A,5
205,LIFE11,IMÓVEIS COMERCIAIS - OUTROS,"10,33","86.523,23","1,01","0,12","1,15 %","3,99 %","8,35 %","13,38 %","1,33 %","1,39 %","1,12 %","9,59 %","2,15 %","3,32 %","6,63 %","173.769.718,07",N/A,N/A,N/A,N/A,N/A,N/A,N/A,N/A,0
206,LLAO11,MISTO,N/A,N/A,N/A,"6,25",N/A,N/A,N/A,N/A,N/A,N/A,N/A,N/A,N/A,N/A,N/A,"34.469.557,72",N/A,N/A,N/A,N/A,N/A,N/A,N/A,N/A,14
207,LOFT11B,FUNDO DE DESENVOLVIMENTO,"29,90",N/A,"2,50","47,90","0,00 %","0,00 %","142,24 %","189,83 %","0,00 %","23,71 %","15,82 %","92,37 %","0,00 %","0,00 %",N/A,"23.430.677,87",N/A,N/A,N/A,N/A,N/A,N/A,N/A,N/A,19
208,LPLP11,INDEFINIDO,N/A,N/A,N/A,"5,50",N/A,N/A,N/A,N/A,N/A,N/A,N/A,N/A,N/A,N/A,N/A,"131.546.707,05",N/A,N/A,N/A,N/A,N/A,N/A,N/A,N/A,0
209,LSAG11,MISTO,"105,80","158.558,12",N/A,"1,26","1,18 %","4,36 %","8,95 %","17,27 %","1,45 %","1,49 %","1,44 %","10,06 %","-0,23 %","0,94 %","3,82 %",N/A,N/A,N/A,N/A,N/A,N/A,N/A,N/A,N/A,0
210,LSPA11,PAPÉIS,"101,30","11.143,00","0,89","0,80","0,00 %","0,00 %","0,00 %","0,00 %","0,00 %","0,00 %","0,00 %","0,00 %","0,00 %","0,00 %",N/A,"46.256.811,82",N/A,N/A,N/A,N/A,N/A,N/A,N/A,N/A,0
211,LUGG11,FUNDO DE DESENVOLVIMENTO,"82,74","56.495,69","0,67","0,60","0,73 %","2,35 %","4,73 %","8,91 %","0,78 %","0,79 %","0,74 %","5,47 %","5,75 %","6,52 %","18,65 %","139.636.000,49","127,87","0,65","0,41 %","0,07 %","0,48 %","7,38 %",N/A,N/A,5
212,LVBI11,IMÓVEIS INDUSTRIAIS E LOGÍSTICOS,"118,37","2.063.977,77","1,02","0,79","0,67 %","2,05 %","4,34 %","8,56 %","0,68 %","0,72 %","0,71 %","5,11 %","-0,20 %","0,47 %","19,90 %","1.363.470.925,81","115,51","1,02","0,65 %","-0,03 %","0,62 %","4,47 %",N/A,N/A,8
213,MALL11,SHOPPINGS,"116,33","3.391.818,04","0,96","0,80","0,69 %","2,08 %","4,41 %","8,80 %","0,69 %","0,74 %","0,73 %","5,17 %","-1,69 %","-1,01 %","17,49 %","1.094.884.496,36","107,86","1,08","0,72 %","1,59 %","2,33 %","3,97 %",N/A,N/A,9
214,MANA11,INDEFINIDO,"9,93","262.601,27","1,01","0,11","1,10 %","3,50 %","6,79 %","13,59 %","1,17 %","1,13 %","1,13 %","7,89 %","0,00 %","1,10 %","6,77 %","192.933.382,46",N/A,N/A,N/A,N/A,N/A,N/A,N/A,N/A,0
215,MATV11,INDEFINIDO,"86,63","13.027,43","0,92","0,60","0,73 %","3,11 %","4,87 %","12,28 %","1,04 %","0,81 %","1,02 %","1,93 %","-1,41 %","-0,69 %","-1,08 %","39.926.993,67","92,09","0,94","0,87 %","-1,34 %","-0,49 %","-0,81 %",N/A,N/A,0
216,MAXR11,VAREJO,"75,01","48.089,88","0,61","0,72","0,99 %","3,18 %","5,74 %","10,79 %","1,06 %","0,96 %","0,90 %","5,74 %","5,87 %","6,92 %","8,55 %","139.066.272,56","120,18","0,62","0,54 %","0,02 %","0,56 %","4,29 %",N/A,N/A,9
217,MBRF11,LAJES CORPORATIVAS,N/A,N/A,N/A,"0,50","0,00 %","0,00 %","0,00 %","0,00 %","0,00 %","0,00 %","0,00 %","0,00 %","0,00 %","0,00 %",N/A,N/A,"1.136,01",N/A,"0,88 %","-0,17 %","0,71 %","10,03 %",N/A,N/A,0
218,MCCI11,PAPÉIS,"95,19","4.374.994,88","0,99","0,95","1,01 %","3,12 %","6,41 %","13,33 %","1,04 %","1,07 %","1,11 %","6,41 %","1,49 %","2,52 %","8,60 %","1.630.807.046,34","92,40","1,03","1,19 %","-2,01 %","-0,85 %","3,25 %",N/A,N/A,0
219,MCHF11,PAPÉIS,"9,28","1.125.755,12","0,98","0,10","1,07 %","3,34 %","6,76 %","13,83 %","1,11 %","1,13 %","1,15 %","6,76 %","4,69 %","5,81 %","8,93 %","308.021.584,59","9,37","0,99","1,17 %","-1,49 %","-0,33 %","0,21 %",N/A,N/A,0
220,MCHY11,PAPÉIS,"110,88","27.776,92","1,09","1,40","1,25 %","3,75 %","7,55 %","17,22 %","1,25 %","1,26 %","1,44 %","7,55 %","-1,03 %","0,20 %","9,06 %","365.382.526,69","99,69","1,11","3,41 %","-3,72 %","-0,43 %","9,03 %",N/A,N/A,0
221,MFAI11,FUNDO DE FUNDOS,"71,90","57.506,88","0,98","0,57","0,82 %","2,35 %","4,67 %","10,59 %","0,78 %","0,78 %","0,88 %","5,67 %","8,85 %","9,74 %","26,74 %","26.209.993,53","70,49","1,02","0,61 %","-8,86 %","-8,30 %","-6,29 %",N/A,N/A,0
222,MFII11,FUNDO DE DESENVOLVIMENTO,"94,65","499.369,15","0,93","1,07","1,12 %","3,46 %","7,06 %","13,92 %","1,15 %","1,18 %","1,16 %","8,19 %","1,32 %","2,46 %","11,13 %","424.053.046,14","99,09","0,96","1,12 %","-1,83 %","-0,73 %","2,53 %",N/A,N/A,8
223,MGCR11,PAPÉIS,"9,40","259.145,59","0,10","1,04","1,18 %","3,58 %","6,90 %","14,56 %","1,19 %","1,15 %","1,21 %","6,90 %","5,48 %","6,72 %","17,78 %","130.507.537,77","89,93","0,10","1,00 %","-2,99 %","-2,02 %","4,14 %",N/A,N/A,0
224,MGFF11,FUNDO DE FUNDOS,"69,23","1.206.379,85","0,92","0,50","0,76 %","2,37 %","5,34 %","10,47 %","0,79 %","0,89 %","0,87 %","5,34 %","7,31 %","8,12 %","17,56 %","680.024.021,35","72,45","0,96","0,73 %","-6,10 %","-5,41 %","-2,96 %",N/A,N/A,0
225,MGHT11,HOTÉIS,"69,61","118.562,50","0,80","0,80","1,18 %","3,83 %","7,83 %","14,57 %","1,28 %","1,31 %","1,21 %","7,83 %","9,85 %","11,15 %","27,67 %","114.560.774,77","85,61","0,81","0,76 %","-0,45 %","0,30 %","-6,08 %",N/A,N/A,1
226,MGLG11,IMÓVEIS INDUSTRIAIS E LOGÍSTICOS,"40,99","55.314,19","0,55","0,35","0,86 %","2,58 %","4,56 %","11,69 %","0,86 %","0,76 %","0,97 %","0,86 %","-3,60 %","-2,77 %","-2,77 %","116.088.485,68","61,55","0,67","0,57 %","57,54 %","58,43 %","-18,62 %",N/A,N/A,2
227,MGRI11,INDEFINIDO,N/A,N/A,N/A,"2,56","0,00 %","0,00 %","0,00 %","0,00 %","0,00 %","0,00 %","0,00 %","0,00 %","0,00 %","0,00 %",N/A,"24.087.821,89",N/A,N/A,N/A,N/A,N/A,N/A,N/A,N/A,1
228,MMPD11,INDEFINIDO,N/A,N/A,N/A,"5,18","0,00 %","0,00 %","0,00 %","0,00 %","0,00 %","0,00 %","0,00 %","0,00 %","0,00 %","0,00 %",N/A,"58.635.711,07",N/A,N/A,N/A,N/A,N/A,N/A,N/A,N/A,0
229,MORC11,PAPÉIS,"93,78","322.915,38","0,96","1,10","1,16 %","3,60 %","7,21 %","14,49 %","1,20 %","1,20 %","1,21 %","7,21 %","2,65 %","3,84 %","6,33 %","148.091.439,77","96,98","0,97","1,13 %","-0,73 %","0,40 %","3,30 %",N/A,N/A,0
230,MORE11,FUNDO DE FUNDOS,"75,80","578.348,69","0,90","0,62","0,83 %","2,61 %","5,64 %","10,83 %","0,87 %","0,94 %","0,90 %","5,64 %","9,34 %","10,25 %","21,35 %","195.538.043,47","83,30","0,91","0,72 %","-5,04 %","-4,36 %","-2,74 %",N/A,N/A,0
231,MXRF11,PAPÉIS,"10,67","10.132.609,23","1,06","0,12","1,12 %","3,34 %","6,81 %","12,68 %","1,11 %","1,14 %","1,06 %","7,89 %","-1,65 %","-0,55 %","14,92 %","2.283.035.193,96","10,10","1,06","0,79 %","-0,97 %","-0,18 %","4,70 %",N/A,N/A,3
232,NAVT11,PAPÉIS,"91,00","144.562,65","0,93","0,90","1,01 %","3,16 %","6,72 %","13,37 %","1,05 %","1,12 %","1,11 %","6,72 %","8,38 %","9,48 %","29,09 %","102.245.545,93","89,84","1,01","0,95 %","-3,92 %","-3,02 %","0,49 %",N/A,N/A,0
233,NCHB11,PAPÉIS,"84,60","383.974,88","0,93","1,00","1,12 %","3,97 %","7,58 %","15,33 %","1,32 %","1,26 %","1,28 %","7,58 %","-0,88 %","0,23 %","5,80 %","154.944.908,52","90,18","0,94","1,11 %","-1,14 %","-0,04 %","3,18 %",N/A,N/A,0
234,NCRA11,INDEFINIDO,"11,01","173.803,77","0,97","0,16","1,44 %","3,86 %","6,80 %","7,81 %","1,29 %","1,13 %","0,65 %","6,80 %","6,20 %","7,73 %","-87,31 %","43.087.632,24","10,56","1,04","0,97 %","0,00 %","0,00 %","0,00 %",N/A,N/A,0
235,NCRI11,PAPÉIS,"9,20","4.507,27","0,91","0,10","1,04 %","3,29 %","5,55 %","5,55 %","1,10 %","0,93 %","0,93 %","5,55 %","11,55 %","12,71 %","5,62 %","40.561.433,12",N/A,N/A,N/A,N/A,N/A,N/A,N/A,N/A,0
236,NEWL11,IMÓVEIS INDUSTRIAIS E LOGÍSTICOS,"114,44","522.400,27","0,96","0,95","0,83 %","3,02 %","5,81 %","11,65 %","1,01 %","0,97 %","0,97 %","6,75 %","6,55 %","7,43 %","26,14 %","240.497.243,01","120,99","0,95","0,74 %","-0,31 %","0,44 %","13,74 %",N/A,N/A,3
237,NEWU11,LAJES CORPORATIVAS,"73,10","140.851,21","1,06","0,20","0,27 %","0,66 %","1,22 %","31,19 %","0,22 %","0,20 %","2,60 %","1,45 %","1,21 %","1,49 %","69,52 %","51.277.626,53","64,92","1,13","0,12 %","-0,31 %","-0,19 %","-0,19 %",N/A,N/A,3
238,NSLU11,HOSPITALAR,"185,43","98.650,50","0,96","1,56","0,86 %","2,58 %","5,35 %","10,24 %","0,86 %","0,89 %","0,85 %","6,29 %","2,35 %","3,23 %","16,22 %","257.933.778,33","194,78","0,95","0,77 %","0,05 %","0,82 %","3,11 %",N/A,N/A,1
239,NVHO11,HOSPITALAR,"10,85","6.901,54","0,76","0,08","0,82 %","2,40 %","4,62 %","9,35 %","0,80 %","0,77 %","0,78 %","5,38 %","1,89 %","2,72 %","8,14 %","580.462.423,32","12,75","0,85","0,65 %","0,05 %","0,70 %","6,35 %",N/A,N/A,4
240,NVIF11B,FUNDO DE DESENVOLVIMENTO,"227,50",N/A,"0,64","0,89","0,00 %","0,00 %","0,00 %","0,00 %","0,00 %","0,00 %","0,00 %","0,00 %","0,00 %","0,00 %",N/A,"116.938.026,55","295,65","0,77","0,15 %","2,87 %","3,03 %","17,70 %",N/A,N/A,21
241,OIAG11,INDEFINIDO,"9,62","208.410,04","0,98","0,12","1,23 %","3,49 %","8,07 %","15,80 %","1,16 %","1,35 %","1,32 %","8,07 %","-0,53 %","0,69 %","-4,98 %","88.407.370,91","9,79","0,98","1,12 %","0,00 %","0,00 %","0,00 %",N/A,N/A,0
242,ONEF11,LAJES CORPORATIVAS,"195,00","114.696,19","0,85","1,02","0,52 %","1,58 %","3,29 %","6,59 %","0,53 %","0,55 %","0,55 %","3,29 %","6,44 %","6,99 %","16,44 %","209.527.229,71","201,40","0,97","0,46 %","15,10 %","15,63 %","21,27 %",N/A,N/A,1
243,ORPD11,FUNDO DE DESENVOLVIMENTO,"93,00","402,75","0,63","1,38","0,00 %","0,00 %","0,00 %","0,00 %","0,00 %","0,00 %","0,00 %","0,00 %","0,00 %","0,00 %",N/A,"42.588.784,40","124,68","0,75","1,11 %","0,95 %","2,06 %","2,06 %",N/A,N/A,0
244,OUFF11,FUNDO DE FUNDOS,"74,00","197.939,73","0,95","0,72","1,00 %","3,15 %","6,55 %","13,06 %","1,05 %","1,09 %","1,09 %","6,55 %","7,17 %","8,24 %","20,23 %","141.146.374,18","76,15","0,97","0,92 %","-5,19 %","-4,32 %","5,61 %",N/A,N/A,3
245,OUJP11,PAPÉIS,"99,59","552.817,85","1,02","1,20","1,18 %","3,66 %","7,60 %","15,16 %","1,22 %","1,27 %","1,26 %","8,87 %","-1,02 %","0,15 %","11,99 %","321.005.862,95","99,94","1,00","1,20 %","-1,18 %","0,01 %","13,55 %",N/A,N/A,0
246,OULG11,IMÓVEIS INDUSTRIAIS E LOGÍSTICOS,"41,39","197.883,15","0,61","0,42","1,02 %","3,05 %","6,30 %","9,23 %","1,02 %","1,05 %","0,77 %","6,30 %","0,44 %","1,46 %","2,08 %","167.316.745,27","73,26","0,56","0,27 %","0,03 %","0,31 %","0,75 %",N/A,N/A,2
247,OURE11,MISTO,"85,15","139.190,65","0,93","1,00","1,19 %","3,69 %","7,66 %","15,40 %","1,23 %","1,28 %","1,28 %","7,66 %","3,21 %","4,44 %","9,87 %","99.203.714,68","92,02","0,93","1,14 %","-2,16 %","-1,04 %","11,12 %",N/A,N/A,4
248,PABY11,FUNDO DE DESENVOLVIMENTO,"24,98","3.815,35",N/A,"0,13",N/A,N/A,N/A,N/A,N/A,N/A,N/A,N/A,N/A,N/A,N/A,"-14.173.093,30","251,42","0,10","0,00 %","1,74 %","1,74 %","5,49 %",N/A,N/A,15
249,PATB11,LAJES CORPORATIVAS,N/A,N/A,N/A,"7,15","0,00 %","0,00 %","0,00 %","0,00 %","0,00 %","0,00 %","0,00 %","0,00 %","0,00 %","0,00 %",N/A,"673.519.286,24",N/A,N/A,N/A,N/A,N/A,N/A,N/A,N/A,3
250,PATC11,FUNDO DE DESENVOLVIMENTO,"69,37","486.730,35","0,92","0,34","0,49 %","3,24 %","5,98 %","12,16 %","1,08 %","1,00 %","1,01 %","5,09 %","-4,71 %","-4,24 %","9,06 %","261.990.534,52","79,10","0,88","0,35 %","-7,17 %","-6,84 %","-4,71 %",N/A,N/A,7
251,PATL11,IMÓVEIS INDUSTRIAIS E LOGÍSTICOS,"72,27","686.078,69","0,74","0,60","0,82 %","2,44 %","5,26 %","9,88 %","0,81 %","0,88 %","0,82 %","6,11 %","-2,91 %","-2,11 %","10,96 %","491.560.085,07","98,01","0,74","0,59 %","-0,10 %","0,49 %","6,74 %",N/A,N/A,5
252,PEMA11,PAPÉIS,"45,52","2.691,84","0,62","0,37","0,71 %","3,89 %","8,71 %","15,39 %","1,30 %","1,45 %","1,28 %","9,82 %","17,91 %","18,75 %","-24,00 %","40.630.073,13",N/A,N/A,N/A,N/A,N/A,N/A,N/A,N/A,0
253,PLCA11,INDEFINIDO,"90,90","26.541,73","0,88","1,13","1,23 %","3,77 %","7,44 %","13,99 %","1,26 %","1,24 %","1,27 %","8,60 %","-1,02 %","0,20 %","4,38 %","52.908.566,97","94,99","0,96","1,18 %","0,00 %","0,00 %","0,00 %",N/A,N/A,0
254,PLCR11,PAPÉIS,"88,96","549.583,96","0,96","1,05","1,18 %","3,57 %","7,15 %","14,49 %","1,19 %","1,19 %","1,21 %","8,33 %","2,66 %","3,87 %","13,95 %","196.179.275,36","90,84","0,98","1,10 %","-1,64 %","-0,56 %","9,06 %",N/A,N/A,0
255,PLOG11,IMÓVEIS INDUSTRIAIS E LOGÍSTICOS,"66,71","70.165,04","0,63","0,70","0,99 %","3,05 %","6,10 %","12,13 %","1,02 %","1,02 %","1,01 %","4,09 %","2,01 %","3,02 %","0,55 %","79.648.071,76","100,39","0,66","0,75 %","-0,02 %","0,72 %","8,77 %",N/A,N/A,1
256,PLRI11,PAPÉIS,"18,77","9.070,96","0,60","0,07","0,38 %","1,29 %","3,58 %","6,30 %","0,43 %","0,60 %","0,53 %","6,40 %","-2,36 %","-1,99 %","-17,35 %","29.959.485,88","32,96","0,57","0,36 %","-1,08 %","-0,73 %","-14,02 %",N/A,N/A,0
257,PNDL11,FUNDO DE DESENVOLVIMENTO,"1.298,00","158.356,00","1,30","5,89","0,00 %","0,00 %","0,00 %","0,00 %","0,00 %","0,00 %","0,00 %","0,00 %","0,00 %","0,00 %",N/A,"96.026.085,61",N/A,N/A,N/A,N/A,N/A,N/A,N/A,N/A,0
258,PORD11,PAPÉIS,"89,50","789.407,65","0,91","1,00","1,09 %","3,51 %","7,09 %","13,57 %","1,17 %","1,18 %","1,13 %","8,32 %","1,81 %","2,92 %","9,22 %","365.774.015,78","97,60","0,92","0,92 %","-0,27 %","0,65 %","9,21 %",N/A,N/A,0
259,PQAG11,IMÓVEIS INDUSTRIAIS E LOGÍSTICOS,"55,49","3.817,24","0,97","0,44","0,79 %","2,38 %","4,94 %","9,63 %","0,79 %","0,82 %","0,80 %","5,75 %","-0,02 %","0,77 %","6,01 %","798.910.211,59","57,27","0,97","0,77 %","-0,03 %","0,74 %","9,04 %",N/A,N/A,1
260,PQDP11,SHOPPINGS,"2.000,00","104.580,40","0,64","17,15","0,86 %","2,70 %","6,09 %","10,38 %","0,90 %","1,02 %","0,87 %","6,60 %","4,45 %","5,35 %","-1,14 %","766.397.505,75","3.314,36","0,60","0,50 %","0,07 %","0,57 %","1,70 %",N/A,N/A,1
261,PRSV11,LAJES CORPORATIVAS,"83,83","2.114,96","0,39","14,10",N/A,N/A,N/A,N/A,N/A,N/A,N/A,N/A,N/A,N/A,N/A,"41.473.681,85","364,23","0,23","0,44 %","-0,03 %","0,41 %","-3,81 %",N/A,N/A,1
262,PRTS11,SHOPPINGS,"117,70",N/A,"1.961,67","0,05",N/A,N/A,N/A,N/A,N/A,N/A,N/A,N/A,N/A,N/A,N/A,"3.111.607,44",N/A,N/A,N/A,N/A,N/A,N/A,N/A,N/A,2
263,PVBI11,LAJES CORPORATIVAS,"102,71","3.428.978,92","1,00","0,72","0,70 %","1,97 %","3,99 %","7,69 %","0,66 %","0,67 %","0,64 %","4,71 %","4,19 %","4,92 %","14,90 %","1.238.297.162,79","103,65","0,99","0,55 %","4,63 %","5,20 %","8,21 %",N/A,N/A,3
264,QAGR11,INDEFINIDO,"48,57","262.529,65","0,84","0,52","1,06 %","2,84 %","5,81 %","11,27 %","0,95 %","0,97 %","0,94 %","6,79 %","1,45 %","2,53 %","23,59 %","290.724.376,00","55,85","0,87","0,73 %","-0,08 %","0,65 %","-1,68 %",N/A,N/A,12
265,QAMI11,PAPÉIS,"80,18","20.553,81","0,85","0,80","0,98 %","3,47 %","7,05 %","13,23 %","1,16 %","1,18 %","1,10 %","8,16 %","2,12 %","3,12 %","9,08 %","75.353.395,87","91,51","0,88","0,87 %","-1,61 %","-0,75 %","10,69 %",N/A,N/A,0
266,QIRI11,PAPÉIS,"78,04","6.867,57","0,87","89,64","0,00 %","1,84 %","3,81 %","8,24 %","0,61 %","0,64 %","0,69 %","6,16 %","0,00 %","0,00 %",N/A,"13.441.852,95","89,98","0,87","0,73 %","6,29 %","7,07 %","8,72 %",N/A,N/A,0
267,RBCO11,LAJES CORPORATIVAS,N/A,N/A,N/A,"0,50","0,00 %","0,00 %","0,00 %","0,00 %","0,00 %","0,00 %","0,00 %","0,00 %","0,00 %","0,00 %",N/A,N/A,"90,22",N/A,"0,22 %","1,03 %","1,25 %","-7,08 %",N/A,N/A,0
268,RBDS11,FUNDO DE DESENVOLVIMENTO,"2,68","466,22","0,12","2,35","11,21 %","23,43 %","54,02 %","68,55 %","7,81 %","9,00 %","5,71 %","11,21 %","-51,20 %","-45,73 %","-45,73 %","2.851.592,32","22,98","0,12","0,00 %","0,00 %","0,00 %","0,00 %",N/A,N/A,0
269,RBED11,EDUCACIONAL,"136,50","273.745,38","0,95","1,43","1,04 %","2,94 %","6,04 %","11,85 %","0,98 %","1,01 %","0,99 %","7,09 %","-0,32 %","0,72 %","25,39 %","340.399.659,17","144,36","0,95","0,85 %","2,26 %","3,13 %","11,72 %",N/A,N/A,7
270,RBFF11,FUNDO DE FUNDOS,"61,04","741.695,73","0,90","0,50","0,82 %","2,65 %","5,62 %","11,12 %","0,88 %","0,94 %","0,93 %","6,59 %","3,55 %","4,40 %","22,93 %","255.716.107,74","63,99","0,95","0,80 %","-4,94 %","-4,19 %","6,43 %",N/A,N/A,0
271,RBGS11,SHOPPINGS,"28,45",N/A,"0,31","0,18","0,62 %","1,58 %","2,72 %","6,17 %","0,53 %","0,45 %","0,51 %","5,10 %","-1,90 %","-1,29 %","-25,72 %","97.865.283,71","90,78","0,31","0,18 %","0,00 %","0,18 %","1,17 %",N/A,N/A,1
272,RBHG11,PAPÉIS,"87,45","310.350,31","0,95","1,05","1,18 %","3,70 %","7,50 %","15,23 %","1,23 %","1,25 %","1,27 %","8,69 %","2,40 %","3,61 %","13,06 %","159.060.003,36","92,49","0,95","1,17 %","-0,80 %","0,36 %","9,87 %",N/A,N/A,0
273,RBHY11,PAPÉIS,"94,76","95.143,62","1,00","1,20","1,27 %","3,83 %","7,70 %","15,44 %","1,28 %","1,28 %","1,29 %","8,94 %","0,92 %","2,20 %","6,53 %","177.837.999,09","94,54","1,00","1,27 %","-0,77 %","0,49 %","12,61 %",N/A,N/A,0
274,RBIF11,FUNDO DE DESENVOLVIMENTO,"99,89","24.775,00",N/A,"1,34","1,32 %","4,54 %","4,54 %","9,63 %","1,51 %","0,76 %","0,80 %","5,13 %","7,85 %","9,27 %","13,56 %",N/A,N/A,N/A,N/A,N/A,N/A,N/A,N/A,N/A,0
275,RBIR11,FUNDO DE DESENVOLVIMENTO,"86,94","66.188,08","0,84","0,31","0,37 %","0,96 %","2,88 %","2,88 %","0,32 %","0,58 %","0,58 %","2,50 %","1,88 %","2,25 %","35,28 %","158.888.142,33",N/A,N/A,N/A,N/A,N/A,N/A,N/A,N/A,0
276,RBLG11,IMÓVEIS INDUSTRIAIS E LOGÍSTICOS,"102,00","2.477,33","0,99","0,95","0,94 %","0,94 %","2,84 %","8,29 %","0,31 %","0,47 %","0,69 %","3,77 %","0,00 %","0,00 %",N/A,"65.141.741,92","100,33","1,02","0,88 %","-1,10 %","-0,23 %","2,59 %",N/A,N/A,1
277,RBOP11,LAJES CORPORATIVAS,"357,60","118.717,35","0,42","2,40","0,48 %","3,88 %","8,81 %","19,59 %","1,29 %","1,47 %","1,63 %","8,81 %","-2,55 %","-2,08 %","-11,95 %","78.368.583,98",N/A,N/A,N/A,N/A,N/A,N/A,N/A,N/A,2
278,RBRD11,VAREJO,"37,50","45.389,81","0,57","0,34","0,92 %","2,55 %","5,40 %","10,11 %","0,85 %","0,90 %","0,84 %","6,32 %","-7,48 %","-6,63 %","3,09 %","122.626.022,43","68,42","0,55","0,44 %","0,05 %","0,49 %","0,83 %",N/A,N/A,4
279,RBRF11,FUNDO DE FUNDOS,"88,88","3.374.288,46","1,02","0,63","0,79 %","2,53 %","5,39 %","10,49 %","0,84 %","0,90 %","0,87 %","5,39 %","8,65 %","9,50 %","23,52 %","1.184.405.899,09","82,64","1,08","0,76 %","-4,16 %","-3,43 %","0,81 %",N/A,N/A,0
280,RBRI11,FUNDO DE DESENVOLVIMENTO,"915,00","48.495,00","0,77","17,86",N/A,N/A,N/A,N/A,N/A,N/A,N/A,N/A,N/A,N/A,N/A,"163.028.776,44",N/A,N/A,N/A,N/A,N/A,N/A,N/A,N/A,0
281,RBRL11,IMÓVEIS INDUSTRIAIS E LOGÍSTICOS,"95,79","558.230,50","0,90","0,67","0,71 %","2,24 %","4,77 %","9,17 %","0,75 %","0,80 %","0,76 %","4,77 %","9,80 %","10,58 %","22,29 %","706.643.408,43","107,25","0,89","0,61 %","-0,01 %","0,60 %","7,47 %",N/A,N/A,9
282,RBRM11,FUNDO DE DESENVOLVIMENTO,"94.794,81",N/A,"3,45","2.002,09","0,00 %","0,00 %","0,00 %","0,00 %","0,00 %","0,00 %","0,00 %","0,00 %","0,00 %","0,00 %",N/A,"14.830.725,51",N/A,N/A,N/A,N/A,N/A,N/A,N/A,N/A,0
283,RBRP11,LAJES CORPORATIVAS,"63,73","1.205.984,04","0,77","0,27","0,43 %","1,47 %","3,25 %","7,14 %","0,49 %","0,54 %","0,60 %","3,25 %","16,59 %","17,09 %","35,97 %","999.718.628,52","81,76","0,78","0,33 %","-1,63 %","-1,31 %","3,68 %",N/A,N/A,10
284,RBRR11,PAPÉIS,"90,60","4.203.970,65","0,95","0,80","0,89 %","3,11 %","6,50 %","12,02 %","1,04 %","1,08 %","1,00 %","6,50 %","-1,85 %","-0,98 %","9,22 %","1.295.083.503,17","95,15","0,95","0,74 %","-1,87 %","-1,15 %","3,12 %",N/A,N/A,0
285,RBRS11,FUNDO DE DESENVOLVIMENTO,"54,41","28.707,46","0,59","0,40","0,71 %","2,18 %","4,51 %","8,87 %","0,73 %","0,75 %","0,74 %","5,24 %","4,19 %","4,92 %","9,75 %","163.384.443,16","94,15","0,58","0,51 %","5,05 %","5,58 %","5,52 %",N/A,N/A,2
286,RBRX11,INDEFINIDO,"93,55","611.066,46","0,97","1,17","1,24 %","3,87 %","7,81 %","15,57 %","1,29 %","1,30 %","1,30 %","7,81 %","3,72 %","5,01 %","13,04 %","180.988.468,62",N/A,N/A,N/A,N/A,N/A,N/A,N/A,N/A,0
287,RBRY11,PAPÉIS,"101,87","1.504.989,27","1,02","1,25","1,25 %","3,81 %","7,59 %","14,26 %","1,27 %","1,27 %","1,19 %","7,59 %","1,72 %","2,99 %","11,47 %","554.956.265,00","99,30","1,03","1,01 %","-0,58 %","0,42 %","3,41 %",N/A,N/A,0
288,RBTS11,FUNDO DE DESENVOLVIMENTO,"1.121,00","22.420,00","1,33","24,77","0,00 %","0,00 %","0,00 %","0,00 %","0,00 %","0,00 %","0,00 %","0,00 %","0,00 %","0,00 %",N/A,"47.742.706,26","919,32","1,22","5,13 %","-16,41 %","-12,13 %","-12,21 %",N/A,N/A,0
289,RBVA11,VAREJO,"109,89","730.082,38","1,01","1,00","0,91 %","2,81 %","5,89 %","12,44 %","0,94 %","0,98 %","1,04 %","6,90 %","3,20 %","4,14 %","27,76 %","1.256.242.711,16","103,19","1,06","1,04 %","0,12 %","1,16 %","11,23 %",N/A,N/A,77
290,RBVO11,PAPÉIS,"8,45","3.045,85","0,47","0,02","0,23 %","0,47 %","0,91 %","2,05 %","0,16 %","0,15 %","0,17 %","1,01 %","2,38 %","2,61 %","-17,64 %","9.245.780,78","17,37","0,49","0,12 %","-0,59 %","-0,47 %","-22,44 %",N/A,N/A,0
291,RCFF11,FUNDO DE FUNDOS,"85,00","43.597,00","0,91","1,23","1,32 %","1,32 %","4,19 %","4,19 %","0,44 %","0,84 %","0,84 %","1,32 %","0,00 %","0,00 %",N/A,"30.297.230,19","94,05","0,90","1,86 %","-0,06 %","1,80 %","1,80 %",N/A,N/A,0
292,RCRB11,LAJES CORPORATIVAS,"152,04","639.632,46","0,72","0,75","0,51 %","1,69 %","3,65 %","7,03 %","0,56 %","0,61 %","0,59 %","3,65 %","10,90 %","11,47 %","28,27 %","767.843.976,07","209,58","0,73","0,36 %","6,32 %","6,71 %","10,57 %",N/A,N/A,9
293,RDPD11,PAPÉIS,"22,96","98.337,21","0,98","0,78","3,68 %","6,39 %","20,15 %","85,13 %","2,13 %","3,36 %","7,09 %","28,13 %","-5,02 %","-1,52 %","-8,49 %","24.491.609,92","33,95","0,68","0,94 %","-37,05 %","-36,45 %","-36,01 %",N/A,N/A,0
294,RECR11,PAPÉIS,"89,04","3.530.651,77","0,93","0,91","0,99 %","3,61 %","7,44 %","12,38 %","1,20 %","1,24 %","1,03 %","7,44 %","6,88 %","7,94 %","11,30 %","2.538.515.899,05","95,33","0,93","0,77 %","-0,00 %","0,77 %","12,72 %",N/A,N/A,0
295,RECT11,LAJES CORPORATIVAS,"51,43","458.540,27","0,56","0,40","0,76 %","2,58 %","5,74 %","10,87 %","0,86 %","0,96 %","0,91 %","5,74 %","1,81 %","2,58 %","2,47 %","790.075.186,65","95,24","0,54","0,53 %","-0,21 %","0,31 %","3,29 %",N/A,N/A,9
296,RECX11,FUNDO DE FUNDOS,"69,18","7.757,12","0,90","0,60","0,85 %","2,70 %","5,90 %","11,93 %","0,90 %","0,98 %","0,99 %","5,90 %","11,54 %","12,49 %","7,47 %","16.779.178,33","78,36","0,88","0,77 %","-3,80 %","-3,06 %","-5,68 %",N/A,N/A,0
297,REIT11,PAPÉIS,"195,00","538,67","0,65","9,59","0,00 %","0,00 %","0,00 %","0,00 %","0,00 %","0,00 %","0,00 %","0,00 %","0,00 %","0,00 %",N/A,"7.878.787,25",N/A,N/A,N/A,N/A,N/A,N/A,N/A,N/A,0
298,RELG11,IMÓVEIS INDUSTRIAIS E LOGÍSTICOS,"60,00","130.502,50","0,49","0,70","0,99 %","3,06 %","5,46 %","12,21 %","1,02 %","0,91 %","1,02 %","1,97 %","-1,19 %","-0,21 %","-1,43 %","164.550.477,91","118,54","0,51","0,67 %","-0,33 %","0,34 %","4,62 %",N/A,N/A,5
299,RFOF11,FUNDO DE FUNDOS,"81,00","73.222,81","0,97","0,75","0,94 %","2,84 %","5,93 %","11,70 %","0,95 %","0,99 %","0,98 %","6,93 %","4,69 %","5,67 %","22,29 %","89.198.093,05","80,55","1,01","0,91 %","-6,07 %","-5,22 %","1,08 %",N/A,N/A,0
300,RINV11,INDEFINIDO,"110,85","239.765,80","1,01","1,35","1,21 %","3,89 %","6,69 %","6,69 %","1,30 %","1,12 %","1,12 %","6,69 %","1,23 %","2,45 %","22,68 %","32.841.805,62",N/A,N/A,N/A,N/A,N/A,N/A,N/A,N/A,0
301,RMAI11,LAJES CORPORATIVAS,"48,71","55.064,96","0,49","0,26","0,53 %","1,64 %","3,29 %","6,55 %","0,55 %","0,55 %","0,55 %","3,79 %","3,98 %","4,53 %","-15,40 %","242.445.330,82","108,04","0,45","0,24 %","-0,05 %","0,19 %","2,15 %",N/A,N/A,2
302,RNDP11,PAPÉIS,"120,50","3.271,28","0,78","10,25","8,25 %","9,46 %","25,65 %","33,28 %","3,15 %","4,28 %","2,77 %","31,43 %","3,59 %","12,14 %","6,82 %","19.344.530,14","189,52","0,64","0,41 %","-40,99 %","-40,75 %","-69,57 %",N/A,N/A,0
303,RNGO11,LAJES CORPORATIVAS,"46,90","65.779,00","0,54","0,36","0,73 %","2,32 %","4,98 %","10,16 %","0,77 %","0,83 %","0,85 %","5,89 %","-0,98 %","-0,26 %","7,61 %","231.423.039,83","87,68","0,53","0,49 %","-0,02 %","0,47 %","5,37 %",N/A,N/A,4
304,ROOF11,FUNDO DE DESENVOLVIMENTO,"510,00","27.658,78","0,87","41,72","0,00 %","0,00 %","0,00 %","0,00 %","0,00 %","0,00 %","0,00 %","0,00 %","0,00 %","0,00 %",N/A,"45.661.527,65",N/A,N/A,N/A,N/A,N/A,N/A,N/A,N/A,79
305,RPRI11,PAPÉIS,"97,92","163.233,48","0,96","1,00","1,02 %","3,53 %","7,47 %","15,07 %","1,18 %","1,25 %","1,26 %","8,75 %","0,51 %","1,54 %","10,21 %","228.456.235,67",N/A,N/A,N/A,N/A,N/A,N/A,N/A,N/A,0
306,RRCI11,PAPÉIS,"84,78","39.802,19","0,91","0,95","1,12 %","3,51 %","7,25 %","14,19 %","1,17 %","1,21 %","1,18 %","8,29 %","0,83 %","1,96 %","4,86 %","44.861.022,87","94,44","0,90","0,95 %","-1,49 %","-0,56 %","10,78 %",N/A,N/A,0
307,RSPD11,FUNDO DE DESENVOLVIMENTO,"1.125,00","3.375,00","0,97","8,72","0,00 %","0,00 %","0,00 %","0,00 %","0,00 %","0,00 %","0,00 %","0,00 %","0,00 %","0,00 %",N/A,"173.074.979,58","1.130,10","1,00","0,98 %","-1,08 %","-0,11 %","-0,11 %",N/A,N/A,0
308,RURA11,MISTO,"10,44","1.658.254,12",N/A,"0,13","1,20 %","3,88 %","6,95 %","13,93 %","1,29 %","1,16 %","1,16 %","7,91 %","2,95 %","4,19 %","12,99 %",N/A,N/A,N/A,N/A,N/A,N/A,N/A,N/A,N/A,0
309,RVBI11,FUNDO DE FUNDOS,"86,60","201.123,81","1,00","0,75","0,90 %","2,84 %","6,02 %","11,85 %","0,95 %","1,00 %","0,99 %","6,02 %","4,61 %","5,55 %","20,70 %","124.486.443,18","83,87","1,03","0,89 %","-2,88 %","-2,01 %","5,11 %",N/A,N/A,0
310,RZAG11,INDEFINIDO,"9,52","2.801.252,27","0,98","0,14","1,43 %","4,10 %","7,96 %","15,55 %","1,37 %","1,33 %","1,30 %","9,21 %","0,32 %","1,75 %","9,00 %","647.813.930,73","9,52","1,00","1,37 %","-0,40 %","0,96 %","13,55 %",N/A,N/A,0
311,RZAK11,PAPÉIS,"92,06","5.536.643,42","0,99","1,20","1,26 %","3,97 %","7,68 %","16,55 %","1,32 %","1,28 %","1,38 %","7,68 %","-0,51 %","0,74 %","4,84 %","820.013.230,20","92,64","0,99","1,62 %","-0,41 %","1,20 %","7,90 %",N/A,N/A,0
312,RZAT11,IMÓVEIS INDUSTRIAIS E LOGÍSTICOS,"93,65","830.292,15","0,94","0,90","0,92 %","3,56 %","7,71 %","12,42 %","1,19 %","1,29 %","1,04 %","7,71 %","0,04 %","0,96 %","17,83 %","371.547.925,50",N/A,N/A,N/A,N/A,N/A,N/A,N/A,N/A,10
313,RZTR11,MISTO,"95,85","2.092.322,85","0,98","0,85","0,90 %","2,77 %","5,79 %","12,41 %","0,92 %","0,97 %","1,03 %","6,73 %","2,52 %","3,44 %","0,51 %","1.074.905.610,79","97,31","0,98","1,28 %","0,00 %","1,29 %","10,37 %",N/A,N/A,15
314,SADI11,PAPÉIS,"85,35","343.853,08","0,90","1,00","1,14 %","3,49 %","7,07 %","14,01 %","1,16 %","1,18 %","1,17 %","8,23 %","2,93 %","4,10 %","3,57 %","147.315.789,65","99,20","0,86","1,06 %","-0,88 %","0,17 %","9,92 %",N/A,N/A,0
315,SARE11,MISTO,"57,74","1.490.986,54","0,61","0,50","0,82 %","2,63 %","5,82 %","11,26 %","0,88 %","0,97 %","0,94 %","6,88 %","-6,00 %","-5,23 %","-4,08 %","873.686.774,40","94,59","0,61","0,68 %","-3,24 %","-2,59 %","2,42 %",N/A,N/A,3
316,SCPF11,SHOPPINGS,"5,09","3.881,19","0,43","0,02","0,47 %","1,13 %","3,44 %","5,18 %","0,38 %","0,57 %","0,43 %","2,78 %","-5,36 %","-4,92 %","-6,00 %","49.192.491,18","12,61","0,40","0,14 %","0,29 %","0,43 %","2,55 %",N/A,N/A,1
317,SDIL11,IMÓVEIS INDUSTRIAIS E LOGÍSTICOS,"96,50","1.030.917,86","1,02","0,75","0,76 %","2,49 %","5,22 %","10,27 %","0,83 %","0,87 %","0,86 %","6,12 %","2,04 %","2,82 %","10,51 %","613.157.980,81","98,33","0,98","0,83 %","-0,22 %","0,61 %","9,86 %",N/A,N/A,5
318,SEED11,INDEFINIDO,"98,99","581.315,75","1,10","0,48","0,48 %","1,64 %","1,64 %","1,64 %","0,55 %","0,27 %","0,14 %","1,64 %","0,00 %","0,00 %",N/A,"147.613.837,28",N/A,N/A,N/A,N/A,N/A,N/A,N/A,N/A,0
319,SEQR11,MISTO,"67,95","144.455,38","0,73","0,71","1,11 %","3,37 %","6,82 %","12,99 %","1,12 %","1,14 %","1,08 %","6,82 %","3,02 %","4,16 %","11,20 %","150.313.400,73","96,27","0,71","0,70 %","0,22 %","0,93 %","7,92 %",N/A,N/A,4
320,SHOP11,SHOPPINGS,"68,00","68,00","1,43","6,75",N/A,N/A,N/A,N/A,N/A,N/A,N/A,N/A,N/A,N/A,N/A,"70.381.684,00",N/A,N/A,N/A,N/A,N/A,N/A,N/A,N/A,1
321,SHPH11,SHOPPINGS,"776,07","105.937,92","0,89","4,20","0,53 %","2,17 %","3,89 %","6,17 %","0,72 %","0,65 %","0,51 %","4,35 %","5,13 %","5,69 %","13,30 %","542.990.118,05","889,27","0,87","0,30 %","0,02 %","0,33 %","3,96 %",N/A,N/A,1
322,SHSO11,INDEFINIDO,N/A,N/A,N/A,"1,01","0,00 %","0,00 %","0,00 %","0,00 %","0,00 %","0,00 %","0,00 %","0,00 %","0,00 %","0,00 %",N/A,"19.967.685,15",N/A,N/A,N/A,N/A,N/A,N/A,N/A,N/A,0
323,SIGR11,INDEFINIDO,"100,00","200,00","0,99","1,06","0,00 %","0,00 %","0,00 %","0,00 %","0,00 %","0,00 %","0,00 %","0,00 %","0,00 %","0,00 %",N/A,"39.381.108,57",N/A,N/A,N/A,N/A,N/A,N/A,N/A,N/A,0
324,SNAG11,PAPÉIS,"10,20","1.689.515,88","0,10","0,12","0,12 %","0,34 %","0,68 %","1,22 %","0,11 %","0,11 %","0,12 %","0,68 %","0,00 %","0,12 %","0,20 %","302.149.553,51","100,72","0,10","1,19 %","-0,55 %","0,64 %","3,93 %",N/A,N/A,0
325,SNCI11,PAPÉIS,"99,50","599.159,81","1,00","1,10","1,10 %","3,31 %","6,46 %","12,82 %","1,10 %","1,08 %","1,07 %","6,46 %","0,35 %","1,45 %","8,41 %","416.033.824,15","97,83","1,02","1,12 %","0,44 %","1,57 %","11,62 %",N/A,N/A,0
326,SNFF11,FUNDO DE FUNDOS,"89,63","512.951,88","0,96","0,65","0,74 %","2,23 %","4,52 %","9,76 %","0,74 %","0,75 %","0,81 %","4,52 %","0,22 %","0,96 %","4,59 %","263.994.969,62","88,83","1,01","1,46 %","-4,82 %","-3,43 %","1,12 %",N/A,N/A,0
327,SNID11,FUNDO DE DESENVOLVIMENTO,"100,93","154.135,19",N/A,"1,15","1,13 %","2,87 %","4,53 %","6,78 %","0,96 %","0,76 %","0,75 %","6,78 %","-0,24 %","0,89 %","5,11 %",N/A,N/A,N/A,N/A,N/A,N/A,N/A,N/A,N/A,0
328,SNLG11,IMÓVEIS INDUSTRIAIS E LOGÍSTICOS,"36,86","60.236,08","0,58","0,35","0,99 %","2,68 %","5,21 %","11,52 %","0,89 %","0,87 %","0,96 %","1,85 %","-12,69 %","-11,83 %","-14,27 %","119.765.997,95",N/A,N/A,N/A,N/A,N/A,N/A,N/A,N/A,2
329,SOLR11,IMÓVEIS COMERCIAIS - OUTROS,"1.128,06","1.058,50","1,19","4,77","0,00 %","0,00 %","0,00 %","0,00 %","0,00 %","0,00 %","0,00 %","0,00 %","0,00 %","0,00 %",N/A,"59.381.364,74",N/A,N/A,N/A,N/A,N/A,N/A,N/A,N/A,1
330,SPTW11,LAJES CORPORATIVAS,"41,69","90.096,69","0,75","0,42","0,98 %","3,00 %","6,23 %","12,10 %","1,00 %","1,04 %","1,01 %","7,27 %","-0,44 %","0,53 %","12,80 %","100.642.345,35","53,18","0,78","0,79 %","0,09 %","0,88 %","8,73 %",N/A,N/A,1
331,SPVJ11,SHOPPINGS,N/A,N/A,N/A,"0,67","0,00 %","0,00 %","0,00 %","0,00 %","0,00 %","0,00 %","0,00 %","0,00 %","0,00 %","0,00 %",N/A,"734.756.328,76","116,76",N/A,"0,57 %","0,08 %","0,66 %","16,02 %",N/A,N/A,14
332,SPXS11,INDEFINIDO,"96,99","573.852,81","1,00","1,20","1,26 %","3,76 %","7,27 %","10,30 %","1,25 %","1,21 %","1,03 %","7,27 %","0,01 %","1,27 %","11,62 %","120.425.898,30",N/A,N/A,N/A,N/A,N/A,N/A,N/A,N/A,0
333,SRVD11,INDEFINIDO,"5,72","56,50","572,00","0,20","2,29 %","3,30 %","3,30 %","3,30 %","1,65 %","1,65 %","1,65 %","3,30 %","-9,79 %","-7,73 %","-7,73 %","573.440,85","1,19","4,83","16,87 %","-0,11 %","16,74 %","25,64 %",N/A,N/A,0
334,STRX11,FUNDO DE DESENVOLVIMENTO,"8,52",N/A,"0,05","0,70","0,00 %","0,00 %","0,00 %","0,00 %","0,00 %","0,00 %","0,00 %","0,00 %","0,00 %","0,00 %",N/A,"264.528.600,66","140,86","0,06","0,50 %","0,01 %","0,51 %","5,95 %",N/A,N/A,3
335,TCPF11,MISTO,"1,26",N/A,"0,01","2,01","0,00 %","0,00 %","0,00 %","0,00 %","0,00 %","0,00 %","0,00 %","0,00 %","0,00 %","0,00 %",N/A,"37.245.313,11",N/A,N/A,N/A,N/A,N/A,N/A,N/A,N/A,0
336,TEPP11,LAJES CORPORATIVAS,"89,47","1.082.919,23","0,94","0,58","0,66 %","2,26 %","4,49 %","8,41 %","0,75 %","0,75 %","0,70 %","5,20 %","0,63 %","1,29 %","39,01 %","401.175.109,20","90,23","0,99","0,55 %","-0,09 %","0,46 %","4,65 %",N/A,N/A,5
337,TGAR11,FUNDO DE DESENVOLVIMENTO,"122,00","4.198.144,92","1,02","1,40","1,14 %","3,39 %","6,93 %","14,07 %","1,13 %","1,16 %","1,17 %","8,02 %","0,94 %","2,10 %","9,06 %","1.647.016.644,13","114,63","1,06","1,31 %","-2,00 %","-0,72 %","-0,98 %",N/A,N/A,8
338,TJKB11,INDEFINIDO,"267,16","2.137,00","1,00","2,63","0,00 %","0,93 %","0,93 %","0,93 %","0,31 %","0,16 %","0,08 %","0,93 %","0,00 %","0,00 %",N/A,"202.866.835,18",N/A,N/A,N/A,N/A,N/A,N/A,N/A,N/A,7
339,TMPS11,FUNDO DE FUNDOS,"104,58","74.449,04","0,97","0,65","0,61 %","0,61 %","0,61 %","0,61 %","0,61 %","0,61 %","0,61 %","0,61 %","0,00 %","0,00 %",N/A,"105.588.835,12",N/A,N/A,N/A,N/A,N/A,N/A,N/A,N/A,0
340,TORD11,MISTO,"2,99","299.624,73","0,24","0,05","0,90 %","2,51 %","5,20 %","11,46 %","0,84 %","0,87 %","0,96 %","0,90 %","-24,53 %","-23,85 %","-23,85 %","435.804.566,37","14,09","0,21","0,57 %","-0,45 %","0,12 %","12,89 %",N/A,N/A,1
341,TRNT11,LAJES CORPORATIVAS,"126,00","71.895,00","0,64","0,48","0,00 %","0,40 %","1,61 %","2,81 %","0,13 %","0,27 %","0,23 %","1,61 %","0,00 %","0,00 %",N/A,"773.826.565,24","202,57","0,62","0,26 %","0,01 %","0,27 %","1,40 %",N/A,N/A,1
342,TRXB11,FUNDO DE DESENVOLVIMENTO,"132,45","320,57","1,17","0,92","0,00 %","1,40 %","3,72 %","6,77 %","0,47 %","0,62 %","0,56 %","4,46 %","0,00 %","0,00 %",N/A,"323.111.400,58",N/A,N/A,N/A,N/A,N/A,N/A,N/A,N/A,12
343,TRXF11,IMÓVEIS COMERCIAIS - OUTROS,"112,10","4.789.403,73","1,06","0,90","0,80 %","2,42 %","4,88 %","9,93 %","0,81 %","0,81 %","0,83 %","5,69 %","2,14 %","2,95 %","13,58 %","1.260.068.389,62","101,04","1,11","0,84 %","0,23 %","1,07 %","9,94 %",N/A,N/A,30
344,TSER11,LAJES CORPORATIVAS,"115,14","887,75","1,12","0,92","0,00 %","1,88 %","1,88 %","3,60 %","0,63 %","0,31 %","0,30 %","2,77 %","0,00 %","0,00 %",N/A,"131.658.252,35",N/A,N/A,N/A,N/A,N/A,N/A,N/A,N/A,1
345,URPR11,PAPÉIS,"98,54","2.119.308,35","0,98","1,13","1,12 %","3,85 %","8,00 %","15,48 %","1,28 %","1,33 %","1,29 %","9,24 %","2,61 %","3,76 %","9,21 %","1.169.227.865,13","99,33","0,99","1,12 %","-1,74 %","-0,64 %","22,93 %",N/A,N/A,0
346,VCJR11,PAPÉIS,"91,08","2.282.000,27","0,94","0,70","0,77 %","3,22 %","6,93 %","10,90 %","1,07 %","1,16 %","0,91 %","8,12 %","0,84 %","1,61 %","9,52 %","1.418.020.810,14","94,13","0,97","0,46 %","-1,54 %","-1,09 %","11,45 %",N/A,N/A,0
347,VCRA11,INDEFINIDO,"96,45","533.755,15","0,98","1,19","1,23 %","3,82 %","7,38 %","15,52 %","1,27 %","1,23 %","1,29 %","8,75 %","-0,91 %","0,31 %","-0,83 %","471.373.746,60","102,61","0,94","1,16 %","0,22 %","1,38 %","2,87 %",N/A,N/A,0
348,VCRI11,PAPÉIS,"8,71","298.319,23","0,90","0,10","1,14 %","3,63 %","7,81 %","15,69 %","1,21 %","1,30 %","1,31 %","9,04 %","0,57 %","1,72 %","5,66 %","171.280.699,73","9,57","0,91","1,25 %","-1,33 %","-0,09 %","1,69 %",N/A,N/A,0
349,VCRR11,IMÓVEIS RESIDENCIAIS,"79,50","143.397,62","0,62","0,69","0,85 %","2,57 %","5,45 %","10,74 %","0,86 %","0,91 %","0,90 %","6,39 %","-3,43 %","-2,61 %","18,02 %","256.840.092,11","120,03","0,66","0,56 %","0,06 %","0,62 %","6,67 %",N/A,N/A,0
350,VGHF11,MISTO,"9,49","2.154.561,42","1,01","0,12","1,24 %","3,65 %","7,18 %","13,39 %","1,22 %","1,20 %","1,12 %","8,27 %","1,15 %","2,40 %","11,92 %","687.333.452,58","9,22","1,03","1,08 %","-1,70 %","-0,64 %","12,47 %",N/A,N/A,0
351,VGIA11,INDEFINIDO,"9,58","4.793.317,88","1,00","0,13","1,37 %","4,16 %","8,58 %","17,68 %","1,39 %","1,43 %","1,47 %","8,58 %","0,11 %","1,48 %","3,04 %","821.089.744,86","9,50","1,01","1,37 %","-0,30 %","1,06 %","9,29 %",N/A,N/A,0
352,VGIP11,PAPÉIS,"91,14","2.234.862,88","0,98","1,00","1,09 %","3,73 %","7,13 %","11,79 %","1,24 %","1,19 %","0,98 %","7,13 %","4,15 %","5,28 %","15,15 %","1.100.809.866,36","90,67","1,01","0,50 %","-1,78 %","-1,29 %","8,00 %",N/A,N/A,0
353,VGIR11,PAPÉIS,"9,80","5.062.944,65","1,01","0,13","1,34 %","3,90 %","7,74 %","15,35 %","1,30 %","1,29 %","1,28 %","7,74 %","4,19 %","5,59 %","6,89 %","995.817.375,70","9,62","1,02","1,35 %","-0,20 %","1,15 %","-89,14 %",N/A,N/A,0
354,VIDS11,FUNDO DE DESENVOLVIMENTO,N/A,N/A,N/A,"129,27","0,00 %","0,00 %","0,00 %","0,00 %","0,00 %","0,00 %","0,00 %","0,00 %","0,00 %","0,00 %",N/A,"75.315.617,83",N/A,N/A,N/A,N/A,N/A,N/A,N/A,N/A,0
355,VIFI11,FUNDO DE FUNDOS,"8,55","141.138,31","0,90","0,07","0,84 %","2,58 %","5,45 %","10,53 %","0,86 %","0,91 %","0,88 %","6,39 %","3,59 %","4,46 %","27,61 %","76.210.842,33","8,89","0,96","0,68 %","-5,14 %","-4,50 %","-69,51 %",N/A,N/A,0
356,VILG11,IMÓVEIS INDUSTRIAIS E LOGÍSTICOS,"110,88","2.436.593,15","0,99","0,70","0,64 %","1,99 %","4,04 %","8,16 %","0,66 %","0,67 %","0,68 %","4,76 %","-0,92 %","-0,28 %","15,40 %","1.679.078.750,87","113,68","0,98","0,63 %","-0,28 %","0,35 %","6,85 %",N/A,N/A,15
357,VINO11,LAJES CORPORATIVAS,"9,36","888.187,96","0,85","0,31","0,66 %","2,02 %","4,27 %","8,42 %","0,67 %","0,71 %","0,70 %","4,98 %","-0,36 %","0,30 %","3,32 %","900.167.469,92","53,90","0,17","0,63 %","-0,44 %","0,19 %","4,17 %",N/A,N/A,10
358,VISC11,SHOPPINGS,"122,56","4.207.256,96","1,07","0,85","0,71 %","2,11 %","4,45 %","8,70 %","0,70 %","0,74 %","0,73 %","5,22 %","-0,08 %","0,63 %","18,61 %","2.142.723.763,82","114,93","1,07","0,66 %","-0,04 %","0,62 %","5,92 %",N/A,N/A,20
359,VIUR11,MISTO,"8,42","335.887,31","0,93","0,07","0,85 %","2,61 %","5,88 %","11,41 %","0,87 %","0,98 %","0,95 %","6,90 %","1,19 %","2,05 %","14,68 %","244.360.149,32","9,51","0,89","0,76 %","-0,12 %","0,64 %","-89,31 %",N/A,N/A,8
360,VJFD11,PAPÉIS,N/A,N/A,N/A,"0,74","0,00 %","0,00 %","0,00 %","0,00 %","0,00 %","0,00 %","0,00 %","0,00 %","0,00 %","0,00 %",N/A,"664.479.247,69","132,84",N/A,"0,77 %","0,03 %","0,80 %","2,43 %",N/A,N/A,39
361,VLIQ11,INDEFINIDO,N/A,N/A,N/A,"5,04","0,00 %","0,00 %","0,00 %","0,00 %","0,00 %","0,00 %","0,00 %","0,00 %","0,00 %","0,00 %",N/A,N/A,N/A,N/A,N/A,N/A,N/A,N/A,N/A,N/A,0
362,VLOL11,LAJES CORPORATIVAS,"98,00","160.238,13","0,88","16,30",N/A,N/A,N/A,N/A,N/A,N/A,N/A,N/A,N/A,N/A,N/A,"198.219.080,15","103,62","0,95","0,59 %","-0,02 %","0,57 %","5,31 %",N/A,N/A,1
363,VOTS11,PAPÉIS,"86,44","7.634,92","0,93","0,70","0,80 %","3,14 %","7,24 %","14,03 %","1,05 %","1,21 %","1,17 %","9,86 %","-0,84 %","-0,05 %","16,08 %","77.257.062,30","93,54","0,92","0,92 %","-1,44 %","-0,53 %","8,00 %",N/A,N/A,0
364,VRTA11,PAPÉIS,"90,79","1.869.860,65","0,97","0,70","0,75 %","2,81 %","6,11 %","12,50 %","0,94 %","1,02 %","1,04 %","7,26 %","1,24 %","2,00 %","12,51 %","1.460.771.267,12","91,92","0,99","0,98 %","-2,34 %","-1,39 %","8,87 %",N/A,N/A,0
365,VSEC11,PAPÉIS,"0,21","2,50","0,05","0,08","0,00 %","0,00 %","138,00 %","138,42 %","0,00 %","23,00 %","11,54 %","138,00 %","0,00 %","0,00 %",N/A,"282.954,59",N/A,N/A,N/A,N/A,N/A,N/A,N/A,N/A,0
366,VSHO11,SHOPPINGS,"79,39","150.397,92","0,79","0,72","0,91 %","2,86 %","6,00 %","10,85 %","0,95 %","1,00 %","0,90 %","7,00 %","0,79 %","1,71 %","24,01 %","211.375.587,23","98,91","0,80","0,69 %","0,13 %","0,82 %","3,57 %",N/A,N/A,3
367,VSLH11,PAPÉIS,"4,11","298.943,92","0,41","0,03","0,60 %","1,77 %","4,59 %","11,00 %","0,59 %","0,77 %","0,92 %","4,59 %","-12,01 %","-11,49 %","-42,65 %","301.419.637,16","10,47","0,39","1,05 %","-0,53 %","0,51 %","19,15 %",N/A,N/A,0
368,VTLT11,IMÓVEIS INDUSTRIAIS E LOGÍSTICOS,"98,49","222.336,35","0,97","0,88","0,88 %","2,73 %","5,66 %","10,93 %","0,91 %","0,94 %","0,91 %","6,61 %","-0,28 %","0,60 %","13,88 %","213.742.259,55","102,98","0,96","0,81 %","0,05 %","0,86 %","8,91 %",N/A,N/A,1
369,VTPL11,PAPÉIS,N/A,N/A,N/A,"5,11","0,00 %","0,00 %","0,00 %","0,00 %","0,00 %","0,00 %","0,00 %","0,00 %","0,00 %","0,00 %",N/A,"106.779.533,28",N/A,N/A,N/A,N/A,N/A,N/A,N/A,N/A,1
370,VVCO11,LAJES CORPORATIVAS,"12,53","93.489,77","0,88","11,16","62,87 %","62,87 %","62,87 %","62,87 %","62,87 %","62,87 %","62,87 %","62,87 %","0,00 %","0,00 %",N/A,"71.035.155,34",N/A,N/A,N/A,N/A,N/A,N/A,N/A,N/A,1
371,VVPR11,MISTO,"101,50","1.249.061,55","1,04","0,89","0,89 %","2,47 %","4,88 %","9,72 %","0,82 %","0,81 %","0,81 %","6,65 %","0,40 %","1,30 %","15,02 %","226.032.234,18","103,41","0,98","0,74 %","0,02 %","0,76 %","1,53 %",N/A,N/A,6
372,VVRI11,INDEFINIDO,"99,00","13.410,82","1,03","1,50","1,50 %","4,48 %","4,48 %","4,48 %","1,49 %","1,49 %","1,49 %","4,48 %","-1,18 %","0,31 %","3,01 %","38.453.843,56",N/A,N/A,N/A,N/A,N/A,N/A,N/A,N/A,1
373,VXXV11,FUNDO DE DESENVOLVIMENTO,"1.030,00","7.710.992,00","0,97","10,76","0,00 %","0,00 %","0,00 %","0,00 %","0,00 %","0,00 %","0,00 %","0,00 %","0,00 %","0,00 %",N/A,"281.979.413,59",N/A,N/A,N/A,N/A,N/A,N/A,N/A,N/A,2
374,WPLZ11,SHOPPINGS,"79,00","10.561,69","0,90","0,43","0,54 %","2,19 %","4,08 %","8,09 %","0,73 %","0,68 %","0,67 %","4,68 %","25,00 %","25,68 %","3,67 %","89.521.758,66","102,99","0,77","0,58 %","0,06 %","0,64 %","4,68 %",N/A,N/A,1
375,WTSP11B,MISTO,"38,97","1.834,10","0,56","0,24","0,68 %","0,68 %","2,47 %","7,70 %","0,23 %","0,41 %","0,64 %","2,47 %","0,00 %","0,00 %",N/A,"72.060.703,05","78,92","0,49","0,40 %","0,69 %","1,09 %","5,11 %",N/A,N/A,2
376,XPCA11,INDEFINIDO,"9,33","1.783.693,77","1,04","0,12","1,29 %","3,55 %","7,69 %","15,66 %","1,18 %","1,28 %","1,31 %","9,00 %","-2,31 %","-1,05 %","5,83 %","317.410.269,39","9,49","0,98","1,37 %","-0,01 %","1,36 %","14,00 %",N/A,N/A,0
377,XPCI11,PAPÉIS,"85,93","2.432.751,35","0,90","1,00","1,15 %","3,29 %","6,78 %","12,35 %","1,10 %","1,13 %","1,03 %","8,00 %","-1,26 %","-0,13 %","15,74 %","825.747.460,62","93,63","0,92","0,64 %","-1,97 %","-1,34 %","10,11 %",N/A,N/A,0
378,XPCM11,LAJES CORPORATIVAS,"13,21","42.874,62","0,31","0,07","0,52 %","1,60 %","3,88 %","9,65 %","0,53 %","0,65 %","0,80 %","4,55 %","-3,16 %","-2,65 %","-1,49 %","101.533.554,80","51,53","0,26","0,33 %","-0,77 %","-0,45 %","-2,97 %",N/A,N/A,1
379,XPHT11,HOTÉIS,"123,00","230.869,59","1,24","127,70",N/A,N/A,N/A,N/A,N/A,N/A,N/A,N/A,N/A,N/A,N/A,"375.923.751,45","94,19","1,31","1,59 %","-0,08 %","1,51 %","6,74 %",N/A,N/A,12
380,XPID11,FUNDO DE DESENVOLVIMENTO,"87,75","480.044,12",N/A,"0,75","0,85 %","2,16 %","4,42 %","8,66 %","0,72 %","0,74 %","0,72 %","9,18 %","-4,21 %","-3,40 %","10,65 %",N/A,N/A,N/A,N/A,N/A,N/A,N/A,N/A,N/A,0
381,XPIN11,IMÓVEIS INDUSTRIAIS E LOGÍSTICOS,"83,09","417.367,08","0,81","0,65","0,78 %","2,43 %","5,19 %","10,16 %","0,81 %","0,87 %","0,85 %","5,19 %","5,30 %","6,12 %","18,45 %","730.158.376,54","103,81","0,80","0,63 %","-1,37 %","-0,75 %","0,75 %",N/A,N/A,98
382,XPLG11,IMÓVEIS INDUSTRIAIS E LOGÍSTICOS,"114,41","3.134.156,46","1,01","0,78","0,68 %","2,08 %","4,39 %","8,70 %","0,69 %","0,73 %","0,73 %","5,20 %","0,18 %","0,86 %","21,59 %","3.064.092.496,84","114,49","1,00","0,65 %","0,19 %","0,84 %","11,47 %",N/A,N/A,19
383,XPML11,SHOPPINGS,"109,28","8.451.692,73","1,11","0,83","0,80 %","2,37 %","4,76 %","9,32 %","0,79 %","0,79 %","0,78 %","4,76 %","-0,05 %","0,75 %","10,64 %","2.472.953.622,74","101,27","1,08","0,76 %","-0,66 %","0,10 %","6,56 %",N/A,N/A,12
384,XPPR11,LAJES CORPORATIVAS,"22,07","264.933,04","0,31","0,10","0,45 %","1,31 %","2,46 %","7,11 %","0,44 %","0,41 %","0,59 %","3,38 %","-2,61 %","-2,17 %","-28,18 %","516.356.911,54","74,77","0,30","0,40 %","0,05 %","0,45 %","-3,65 %",N/A,N/A,5
385,XPSF11,FUNDO DE FUNDOS,"8,45","734.286,50","0,97","0,08","0,89 %","2,91 %","6,16 %","12,17 %","0,97 %","1,03 %","1,01 %","7,19 %","4,87 %","5,80 %","18,72 %","378.160.463,54","8,54","0,99","0,90 %","-4,04 %","-3,18 %","-89,40 %",N/A,N/A,0
386,XTED11,LAJES CORPORATIVAS,"8,82","17.641,88","0,68","11,16",N/A,N/A,N/A,N/A,N/A,N/A,N/A,N/A,N/A,N/A,N/A,"67.378.204,04","28,02","0,31","0,00 %","-0,36 %","-0,36 %","-3,45 %",N/A,N/A,1
387,YUFI11,FUNDO DE DESENVOLVIMENTO,"95,00","199,00","0,93","0,30","0,37 %","0,85 %","1,09 %","1,09 %","0,28 %","0,18 %","0,10 %","1,09 %","-19,97 %","-19,68 %","-23,27 %","50.096.123,92",N/A,N/A,N/A,N/A,N/A,N/A,N/A,N/A,31
388,YUFI11B,INDEFINIDO,N/A,N/A,N/A,"0,63","0,00 %","0,00 %","0,00 %","0,00 %","0,00 %","0,00 %","0,00 %",N/A,"0,00 %","0,00 %","0,00 %",N/A,"105,53",N/A,"0,60 %","-0,01 %","0,59 %","6,32 %",N/A,N/A,0
389,ZAVI11,INDEFINIDO,"127,55","247.950,19","0,93","1,12","0,88 %","2,67 %","5,24 %","7,88 %","0,89 %","0,87 %","0,88 %","6,03 %","0,62 %","1,50 %","4,11 %","127.018.551,30",N/A,N/A,N/A,N/A,N/A,N/A,N/A,N/A,8
390,ZIFI11,FUNDO DE DESENVOLVIMENTO,"1.000,00","11.995,57","0,83","3,31","0,00 %","0,00 %","0,00 %","0,00 %","0,00 %","0,00 %","0,00 %","0,00 %","0,00 %","0,00 %",N/A,"57.307.512,13",N/A,N/A,N/A,N/A,N/A,N/A,N/A,N/A,0
