,Ticker,FM,Tipo,Mod.,A/I/OTM,Strike,Distância % do Strike,Prêmio como % da última cotação,Último,Número de Negócios,Volume Negociado,Data/Hora,Vol. Implícita,Delta,Gamma,Theta,Vega,ativo
0,BBDCK930W2,,CALL,A,ITM,9.09,-33.46,,,,,,,,,,,BBDC4
1,BBDCK950W2,,CALL,A,ITM,9.29,-31.99,38.51,5.26,1.0,8416.0,31/10/2024,,,,,,BBDC4
2,BBDCK970W2,,CALL,A,ITM,9.49,-30.53,,,,,,,,,,,BBDC4
3,BBDCK990W2,,CALL,A,ITM,9.69,-29.06,,,,,,,,,,,BBDC4
4,BBDCK104W2,,CALL,A,ITM,10.19,-25.4,,,,,,,,,,,BBDC4
5,BBDCK109W2,,CALL,A,ITM,10.69,-21.74,,,,,,,,,,,BBDC4
6,BBDCK114W2,,CALL,A,ITM,11.19,-18.08,19.18,2.62,2.0,524.0,06/11/2024,,,,,,BBDC4
7,BBDCW164W2,,PUT,E,ITM,16.19,18.52,18.16,2.48,22.0,5439.0,06/11/2024,,,,,,BBDC4
8,BBDCW166W2,,PUT,E,ITM,16.44,20.35,,,,,,,,,,,BBDC4
9,BBDCW169W2,,PUT,E,ITM,16.69,22.18,,,,,,,,,,,BBDC4
10,BBDCW174W2,,PUT,E,ITM,17.19,25.84,25.62,3.5,24.0,8375.0,06/11/2024,,,,,,BBDC4
11,BBDCW179W2,,PUT,E,ITM,17.69,29.5,,,,,,,,,,,BBDC4
12,BBDCW184W2,,PUT,E,ITM,18.19,33.16,,,,,,,,,,,BBDC4
13,BBDCW189W2,,PUT,E,ITM,18.69,36.82,,,,,,,,,,,BBDC4
14,BBDCW194W2,,PUT,E,ITM,19.19,40.48,,,,,,,,,,,BBDC4
15,BBDCW199W2,,PUT,E,ITM,19.69,44.14,,,,,,,,,,,BBDC4
16,BBDCW204W2,,PUT,E,ITM,20.19,47.8,,,,,,,,,,,BBDC4
17,BBDCW209W2,,PUT,E,ITM,20.69,51.46,,,,,,,,,,,BBDC4
18,BBDCW214W2,,PUT,E,ITM,21.19,55.12,,,,,,,,,,,BBDC4
0,BBDCK119W2,,CALL,A,ITM,11.69,-14.42,,,,,,,,,,,BBDC4
1,BBDCK124W2,,CALL,A,ITM,12.19,-10.76,11.49,1.57,1.0,157.0,07/11/2024,,,,,,BBDC4
2,BBDCK129W2,,CALL,A,ITM,12.69,-7.1,7.17,0.98,3.0,2474.0,07/11/2024,,,,,,BBDC4
3,BBDCW146W2,,PUT,E,ITM,14.44,5.71,6.15,0.84,16.0,174633.0,07/11/2024,,,,,,BBDC4
4,BBDCW149W2,,PUT,E,ITM,14.69,7.54,7.61,1.04,16.0,16454.0,07/11/2024,,,,,,BBDC4
5,BBDCW154W2,,PUT,E,ITM,15.19,11.2,11.35,1.55,11.0,39612.0,07/11/2024,,,,,,BBDC4
6,BBDCW159W2,,PUT,E,ITM,15.69,14.86,15.15,2.07,2.0,2344.0,07/11/2024,,,,,,BBDC4
0,BBDCK134W2,,CALL,A,ITM,13.19,-3.44,3.15,0.43,6.0,71401.0,07/11/2024,,,,,,BBDC4
1,BBDCW134W2,,PUT,E,OTM,13.19,-3.44,0.07,0.01,4.0,184.0,07/11/2024,,,,,,BBDC4
2,BBDCK139W2,,CALL,A,ATM,13.69,0.22,0.59,0.08,38.0,30740.0,07/11/2024,,,,,,BBDC4
3,BBDCW139W2,,PUT,E,ATM,13.69,0.22,0.95,0.13,53.0,23708.0,07/11/2024,,,,,,BBDC4
4,BBDCK144W2,,CALL,A,OTM,14.19,3.88,0.07,0.01,14.0,239.0,07/11/2024,,,,,,BBDC4
5,BBDCW144W2,,PUT,E,ITM,14.19,3.88,4.17,0.57,18.0,39128.0,07/11/2024,,,,,,BBDC4
0,BBDCW119W2,,PUT,E,OTM,11.69,-14.42,0.07,0.01,4.0,400.0,29/10/2024,,,,,,BBDC4
1,BBDCW124W2,,PUT,E,OTM,12.19,-10.76,0.07,0.01,1.0,1.0,01/11/2024,,,,,,BBDC4
2,BBDCW129W2,,PUT,E,OTM,12.69,-7.1,0.07,0.01,1.0,6.0,06/11/2024,,,,,,BBDC4
3,BBDCK146W2,,CALL,E,OTM,14.44,5.71,0.07,0.01,7.0,39.0,07/11/2024,,,,,,BBDC4
4,BBDCK149W2,,CALL,A,OTM,14.69,7.54,0.07,0.01,16.0,229.0,06/11/2024,,,,,,BBDC4
5,BBDCK154W2,,CALL,A,OTM,15.19,11.2,0.07,0.01,1.0,20.0,07/11/2024,,,,,,BBDC4
6,BBDCK159W2,,CALL,A,OTM,15.69,14.86,0.07,0.01,2.0,50.0,07/11/2024,,,,,,BBDC4
0,BBDCW930W2,,PUT,E,OTM,9.09,-33.46,,,,,,,,,,,BBDC4
1,BBDCW950W2,,PUT,E,OTM,9.29,-31.99,,,,,,,,,,,BBDC4
2,BBDCW970W2,,PUT,E,OTM,9.49,-30.53,,,,,,,,,,,BBDC4
3,BBDCW990W2,,PUT,E,OTM,9.69,-29.06,,,,,,,,,,,BBDC4
4,BBDCW104W2,,PUT,E,OTM,10.19,-25.4,,,,,,,,,,,BBDC4
5,BBDCW109W2,,PUT,E,OTM,10.69,-21.74,,,,,,,,,,,BBDC4
6,BBDCW114W2,,PUT,E,OTM,11.19,-18.08,,,,,,,,,,,BBDC4
7,BBDCK164W2,,CALL,A,OTM,16.19,18.52,0.15,0.02,27.0,84.0,31/10/2024,,,,,,BBDC4
8,BBDCK166W2,,CALL,E,OTM,16.44,20.35,0.07,0.01,3.0,22.0,31/10/2024,,,,,,BBDC4
9,BBDCK169W2,,CALL,A,OTM,16.69,22.18,0.29,0.04,9.0,716.0,30/10/2024,,,,,,BBDC4
10,BBDCK174W2,,CALL,A,OTM,17.19,25.84,0.29,0.04,1.0,16.0,29/10/2024,,,,,,BBDC4
11,BBDCK179W2,,CALL,A,OTM,17.69,29.5,0.22,0.03,1.0,600.0,28/10/2024,,,,,,BBDC4
12,BBDCK184W2,,CALL,A,OTM,18.19,33.16,0.07,0.01,2.0,401.0,22/10/2024,,,,,,BBDC4
13,BBDCK189W2,,CALL,A,OTM,18.69,36.82,,,,,,,,,,,BBDC4
14,BBDCK194W2,,CALL,A,OTM,19.19,40.48,,,,,,,,,,,BBDC4
15,BBDCK199W2,,CALL,A,OTM,19.69,44.14,,,,,,,,,,,BBDC4
16,BBDCK204W2,,CALL,A,OTM,20.19,47.8,,,,,,,,,,,BBDC4
17,BBDCK209W2,,CALL,A,OTM,20.69,51.46,,,,,,,,,,,BBDC4
18,BBDCK214W2,,CALL,A,OTM,21.19,55.12,,,,,,,,,,,BBDC4
0,BBDCK781,,CALL,A,ITM,7.58,-44.51,47.22,6.45,1.0,1935.0,05/11/2024,,,,,,BBDC4
1,BBDCK801,,CALL,A,ITM,7.78,-43.05,45.24,6.18,1.0,618.0,04/11/2024,,,,,,BBDC4
2,BBDCK821,,CALL,A,ITM,7.98,-41.58,52.71,7.2,1.0,21600.0,15/10/2024,,,,,,BBDC4
3,BBDCK841,,CALL,A,ITM,8.18,-40.12,,,,,,,,,,,BBDC4
4,BBDCK861,,CALL,A,ITM,8.38,-38.65,,,,,,,,,,,BBDC4
5,BBDCK881,,CALL,A,ITM,8.58,-37.19,,,,,,,,,,,BBDC4
6,BBDCK870,,CALL,E,ITM,8.68,-36.46,,,,,,,,,,,BBDC4
7,BBDCK901,,CALL,A,ITM,8.78,-35.72,46.34,6.33,1.0,32283.0,23/10/2024,,,,,,BBDC4
8,BBDCK890,,CALL,E,ITM,8.88,-34.99,,,,,,,,,,,BBDC4
9,BBDCK921,,CALL,A,ITM,8.98,-34.26,,,,,,,,,,,BBDC4
10,BBDCK910,,CALL,E,ITM,9.08,-33.53,,,,,,,,,,,BBDC4
11,BBDCK941,,CALL,A,ITM,9.18,-32.8,,,,,,,,,,,BBDC4
12,BBDCK930,,CALL,E,ITM,9.28,-32.06,32.21,4.4,1.0,7040.0,07/11/2024,,,,,,BBDC4
13,BBDCK961,,CALL,A,ITM,9.38,-31.33,,,,,,,,,,,BBDC4
14,BBDCK950,,CALL,E,ITM,9.48,-30.6,,,,,,,,,,,BBDC4
15,BBDCK981,,CALL,A,ITM,9.58,-29.87,,,,,,,,,,,BBDC4
16,BBDCK991,,CALL,A,ITM,9.68,-29.14,32.5,4.44,1.0,17760.0,04/11/2024,,,,,,BBDC4
17,BBDCK98,,CALL,E,ITM,9.78,-28.4,38.8,5.3,1.0,42400.0,16/10/2024,,,,,,BBDC4
18,BBDCK601,,CALL,A,ITM,9.93,-27.31,29.65,4.05,21.0,28350.0,05/11/2024,,,,,,BBDC4
19,BBDCK2,,CALL,A,ITM,10.43,-23.65,24.6,3.36,1.0,8400.0,06/11/2024,,,,,,BBDC4
20,BBDCK10,,CALL,E,ITM,10.68,-21.82,21.3,2.91,1.0,291.0,07/11/2024,,,,,,BBDC4
21,BBDCK611,,CALL,A,ITM,10.93,-19.99,22.11,3.02,1.0,9060.0,05/11/2024,,,,,,BBDC4
22,BBDCK112,,CALL,E,ITM,11.18,-18.16,22.18,3.03,10.0,74454.0,01/11/2024,,,,,,BBDC4
23,BBDCK120,,CALL,A,ITM,11.43,-16.33,16.4,2.24,10.0,22440.0,07/11/2024,,,,,,BBDC4
24,BBDCW616,,PUT,E,ITM,15.93,16.62,16.76,2.29,10.0,9155.0,07/11/2024,,,,,,BBDC4
25,BBDCW163,,PUT,E,ITM,16.18,18.45,18.67,2.55,7.0,21928.0,07/11/2024,,,,,,BBDC4
26,BBDCW666,,PUT,E,ITM,16.43,20.28,20.35,2.78,2.0,16582.0,07/11/2024,,,,,,BBDC4
27,BBDCW170,,PUT,E,ITM,16.93,23.94,22.99,3.14,6.0,1906.0,06/11/2024,,,,,,BBDC4
28,BBDCW17,,PUT,E,ITM,17.18,25.77,25.4,3.47,7.0,57193.0,07/11/2024,,,,,,BBDC4
29,BBDCW676,,PUT,E,ITM,17.43,27.6,26.43,3.61,1.0,3249.0,07/11/2024,,,,,,BBDC4
30,BBDCW789,,PUT,E,ITM,17.68,29.43,26.87,3.67,3.0,8818.0,05/11/2024,,,,,,BBDC4
31,BBDCW182,,PUT,E,ITM,18.18,33.09,27.75,3.79,1.0,379.0,31/10/2024,,,,,,BBDC4
32,BBDCW686,,PUT,E,ITM,18.43,34.92,33.31,4.55,2.0,9050.0,07/11/2024,,,,,,BBDC4
33,BBDCW188,,PUT,E,ITM,18.68,36.75,35.51,4.85,1.0,194000.0,06/11/2024,,,,,,BBDC4
34,BBDCW19,,PUT,E,ITM,18.93,38.58,37.99,5.19,1.0,519.0,06/11/2024,,,,,,BBDC4
35,BBDCW192,,PUT,E,ITM,19.18,40.41,28.92,3.95,1.0,22515.0,17/10/2024,,,,,,BBDC4
36,BBDCW696,,PUT,E,ITM,19.43,42.24,37.99,5.19,1.0,519.0,04/11/2024,,,,,,BBDC4
37,BBDCW20,,PUT,E,ITM,19.93,45.9,39.53,5.4,4.0,65233.0,31/10/2024,,,,,,BBDC4
38,BBDCW202,,PUT,E,ITM,20.18,47.73,41.73,5.7,4.0,22744.0,31/10/2024,,,,,,BBDC4
39,BBDCW706,,PUT,E,ITM,20.43,49.56,45.46,6.21,1.0,1242.0,01/11/2024,,,,,,BBDC4
40,BBDCW209,,PUT,E,ITM,20.93,53.22,45.61,6.23,3.0,135191.0,31/10/2024,,,,,,BBDC4
41,BBDCW212,,PUT,E,ITM,21.18,55.05,42.46,5.8,2.0,52200.0,18/10/2024,,,,,,BBDC4
42,BBDCW716,,PUT,E,ITM,21.43,56.88,49.49,6.76,2.0,2040.0,31/10/2024,,,,,,BBDC4
43,BBDCW219,,PUT,E,ITM,21.93,60.54,48.02,6.56,2.0,130082.0,15/10/2024,,,,,,BBDC4
44,BBDCW222,,PUT,E,ITM,22.18,62.37,49.63,6.78,2.0,135800.0,15/10/2024,,,,,,BBDC4
45,BBDCW225,,PUT,E,ITM,22.43,64.2,63.18,8.63,1.0,25890.0,07/11/2024,,,,,,BBDC4
46,BBDCW230,,PUT,E,ITM,22.93,67.86,61.13,8.35,6.0,89973.0,31/10/2024,,,,,,BBDC4
47,BBDCW235,,PUT,E,ITM,23.43,71.52,59.96,8.19,2.0,91726.0,16/10/2024,,,,,,BBDC4
48,BBDCW240,,PUT,E,ITM,23.93,75.18,71.96,9.83,1.0,983.0,05/11/2024,,,,,,BBDC4
49,BBDCW245,,PUT,E,ITM,24.43,78.84,,,,,,,,,,,BBDC4
50,BBDCW250,,PUT,E,ITM,24.93,82.5,72.62,9.92,1.0,4960.0,30/10/2024,,,,,,BBDC4
51,BBDCW256,,PUT,E,ITM,25.43,86.16,85.94,11.74,7.0,70377.0,07/11/2024,,,,,,BBDC4
52,BBDCW261,,PUT,E,ITM,25.93,89.82,76.5,10.45,1.0,36575.0,17/10/2024,,,,,,BBDC4
53,BBDCW266,,PUT,E,ITM,26.43,93.48,,,,,,,,,,,BBDC4
54,BBDCW271,,PUT,E,ITM,26.93,97.14,,,,,,,,,,,BBDC4
55,BBDCW296,,PUT,E,ITM,29.43,115.45,103.73,14.17,2.0,161388.0,29/10/2024,,,,,,BBDC4
56,BBDCW496,,PUT,E,ITM,49.43,261.86,261.86,35.77,2.0,10703.0,07/11/2024,,,,,,BBDC4
57,BBDCW501,,PUT,E,ITM,49.93,265.52,259.88,35.5,1.0,7100.0,04/11/2024,,,,,,BBDC4
58,BBDCW531,,PUT,E,ITM,52.93,287.48,284.48,38.86,5.0,19416.0,05/11/2024,,,,,,BBDC4
0,BBDCK11,,CALL,E,ITM,11.68,-14.49,19.99,2.73,8.0,48180.0,31/10/2024,,,,,,BBDC4
1,BBDCK121,,CALL,A,ITM,11.93,-12.66,14.06,1.92,7.0,13040.0,06/11/2024,,,,,,BBDC4
2,BBDCK12,,CALL,E,ITM,12.18,-10.83,11.2,1.53,4.0,11463.0,07/11/2024,,,,,,BBDC4
3,BBDCK13,,CALL,A,ITM,12.43,-9.0,9.0,1.23,2.0,26050.0,07/11/2024,,,,,,BBDC4
4,BBDCK126,,CALL,E,ITM,12.68,-7.17,7.1,0.97,4.0,887.0,07/11/2024,,,,,,BBDC4
5,BBDCK1,,CALL,A,ITM,12.93,-5.34,5.49,0.75,12.0,16697.0,07/11/2024,,,,,,BBDC4
6,BBDCW150,,PUT,E,ITM,14.43,5.64,5.86,0.8,71.0,336858.0,07/11/2024,,,,,,BBDC4
7,BBDCW147,,PUT,E,ITM,14.68,7.47,7.61,1.04,31.0,15241.0,07/11/2024,,,,,,BBDC4
8,BBDCW615,,PUT,E,ITM,14.93,9.3,9.44,1.29,60.0,166790.0,07/11/2024,,,,,,BBDC4
9,BBDCW164,,PUT,E,ITM,15.18,11.13,11.27,1.54,42.0,143107.0,07/11/2024,,,,,,BBDC4
10,BBDCW160,,PUT,E,ITM,15.43,12.96,11.86,1.62,24.0,210578.0,07/11/2024,,,,,,BBDC4
11,BBDCW158,,PUT,E,ITM,15.68,14.79,14.93,2.04,15.0,33465.0,07/11/2024,,,,,,BBDC4
0,BBDCK131,,CALL,E,ITM,13.18,-3.51,3.59,0.49,25.0,10729.0,07/11/2024,,,,,,BBDC4
1,BBDCW131,,PUT,E,OTM,13.18,-3.51,0.37,0.05,80.0,37321.0,07/11/2024,,,,,,BBDC4
2,BBDCK14,,CALL,A,ATM,13.43,-1.68,2.42,0.33,340.0,568537.0,07/11/2024,,,,,,BBDC4
3,BBDCW14,,PUT,E,ATM,13.43,-1.68,0.81,0.11,390.0,192297.0,07/11/2024,,,,,,BBDC4
4,BBDCK143,,CALL,E,ATM,13.68,0.15,1.32,0.18,121.0,217587.0,07/11/2024,,,,,,BBDC4
5,BBDCW143,,PUT,E,ATM,13.68,0.15,1.46,0.2,159.0,175807.0,07/11/2024,,,,,,BBDC4
6,BBDCK145,,CALL,A,ATM,13.93,1.98,0.73,0.1,693.0,334537.0,07/11/2024,,,,,,BBDC4
7,BBDCW145,,PUT,E,ATM,13.93,1.98,2.71,0.37,340.0,187923.0,07/11/2024,,,,,,BBDC4
8,BBDCK146,,CALL,E,OTM,14.18,3.81,0.37,0.05,426.0,146003.0,07/11/2024,,,,,,BBDC4
9,BBDCW146,,PUT,E,ITM,14.18,3.81,4.1,0.56,211.0,63324.0,07/11/2024,,,,,,BBDC4
0,BBDCW11,,PUT,E,OTM,11.68,-14.49,0.07,0.01,6.0,413.0,01/11/2024,,,,,,BBDC4
1,BBDCW121,,PUT,E,OTM,11.93,-12.66,0.07,0.01,1.0,40.0,07/11/2024,,,,,,BBDC4
2,BBDCW12,,PUT,E,OTM,12.18,-10.83,0.07,0.01,15.0,1083.0,07/11/2024,,,,,,BBDC4
3,BBDCW13,,PUT,E,OTM,12.43,-9.0,0.07,0.01,14.0,402.0,07/11/2024,,,,,,BBDC4
4,BBDCW126,,PUT,E,OTM,12.68,-7.17,0.15,0.02,6.0,274.0,07/11/2024,,,,,,BBDC4
5,BBDCW1,,PUT,E,OTM,12.93,-5.34,0.15,0.02,67.0,12086.0,07/11/2024,,,,,,BBDC4
6,BBDCK150,,CALL,A,OTM,14.43,5.64,0.22,0.03,196.0,78024.0,07/11/2024,,,,,,BBDC4
7,BBDCK147,,CALL,E,OTM,14.68,7.47,0.15,0.02,86.0,45673.0,07/11/2024,,,,,,BBDC4
8,BBDCK615,,CALL,A,OTM,14.93,9.3,0.07,0.01,106.0,13000.0,07/11/2024,,,,,,BBDC4
9,BBDCK164,,CALL,E,OTM,15.18,11.13,0.07,0.01,113.0,5989.0,07/11/2024,,,,,,BBDC4
10,BBDCK160,,CALL,A,OTM,15.43,12.96,0.07,0.01,32.0,399.0,07/11/2024,,,,,,BBDC4
11,BBDCK158,,CALL,E,OTM,15.68,14.79,0.07,0.01,20.0,122.0,07/11/2024,,,,,,BBDC4
0,BBDCW781,,PUT,E,OTM,7.58,-44.51,,,,,,,,,,,BBDC4
1,BBDCW801,,PUT,E,OTM,7.78,-43.05,0.07,0.01,2.0,15.0,21/08/2024,,,,,,BBDC4
2,BBDCW821,,PUT,E,OTM,7.98,-41.58,,,,,,,,,,,BBDC4
3,BBDCW841,,PUT,E,OTM,8.18,-40.12,,,,,,,,,,,BBDC4
4,BBDCW861,,PUT,E,OTM,8.38,-38.65,,,,,,,,,,,BBDC4
5,BBDCW881,,PUT,E,OTM,8.58,-37.19,,,,,,,,,,,BBDC4
6,BBDCW870,,PUT,E,OTM,8.68,-36.46,,,,,,,,,,,BBDC4
7,BBDCW901,,PUT,E,OTM,8.78,-35.72,,,,,,,,,,,BBDC4
8,BBDCW890,,PUT,E,OTM,8.88,-34.99,,,,,,,,,,,BBDC4
9,BBDCW921,,PUT,E,OTM,8.98,-34.26,,,,,,,,,,,BBDC4
10,BBDCW910,,PUT,E,OTM,9.08,-33.53,,,,,,,,,,,BBDC4
11,BBDCW941,,PUT,E,OTM,9.18,-32.8,,,,,,,,,,,BBDC4
12,BBDCW930,,PUT,E,OTM,9.28,-32.06,,,,,,,,,,,BBDC4
13,BBDCW961,,PUT,E,OTM,9.38,-31.33,,,,,,,,,,,BBDC4
14,BBDCW950,,PUT,E,OTM,9.48,-30.6,,,,,,,,,,,BBDC4
15,BBDCW981,,PUT,E,OTM,9.58,-29.87,,,,,,,,,,,BBDC4
16,BBDCW991,,PUT,E,OTM,9.68,-29.14,,,,,,,,,,,BBDC4
17,BBDCW98,,PUT,E,OTM,9.78,-28.4,,,,,,,,,,,BBDC4
18,BBDCW601,,PUT,E,OTM,9.93,-27.31,0.07,0.01,2.0,60.0,01/11/2024,,,,,,BBDC4
19,BBDCW2,,PUT,E,OTM,10.43,-23.65,0.07,0.01,2.0,60.0,01/11/2024,,,,,,BBDC4
20,BBDCW10,,PUT,E,OTM,10.68,-21.82,0.07,0.01,4.0,90.0,01/11/2024,,,,,,BBDC4
21,BBDCW611,,PUT,E,OTM,10.93,-19.99,0.07,0.01,1.0,30.0,05/11/2024,,,,,,BBDC4
22,BBDCW112,,PUT,E,OTM,11.18,-18.16,0.07,0.01,10.0,246.0,01/11/2024,,,,,,BBDC4
23,BBDCW120,,PUT,E,OTM,11.43,-16.33,0.07,0.01,3.0,25.0,07/11/2024,,,,,,BBDC4
24,BBDCK616,,CALL,A,OTM,15.93,16.62,0.07,0.01,10.0,217.0,07/11/2024,,,,,,BBDC4
25,BBDCK163,,CALL,E,OTM,16.18,18.45,0.07,0.01,4.0,30.0,07/11/2024,,,,,,BBDC4
26,BBDCK666,,CALL,A,OTM,16.43,20.28,0.07,0.01,7.0,58.0,07/11/2024,,,,,,BBDC4
27,BBDCK170,,CALL,A,OTM,16.93,23.94,0.07,0.01,2.0,6.0,07/11/2024,,,,,,BBDC4
28,BBDCK17,,CALL,E,OTM,17.18,25.77,0.07,0.01,1.0,4.0,06/11/2024,,,,,,BBDC4
29,BBDCK676,,CALL,A,OTM,17.43,27.6,0.07,0.01,1.0,1.0,04/11/2024,,,,,,BBDC4
30,BBDCK789,,CALL,E,OTM,17.68,29.43,0.07,0.01,1.0,35.0,05/11/2024,,,,,,BBDC4
31,BBDCK182,,CALL,E,OTM,18.18,33.09,0.15,0.02,3.0,1060.0,29/10/2024,,,,,,BBDC4
32,BBDCK686,,CALL,A,OTM,18.43,34.92,0.07,0.01,11.0,814.0,30/10/2024,,,,,,BBDC4
33,BBDCK188,,CALL,E,OTM,18.68,36.75,0.07,0.01,4.0,403.0,29/10/2024,,,,,,BBDC4
34,BBDCK19,,CALL,A,OTM,18.93,38.58,0.07,0.01,1.0,10.0,29/10/2024,,,,,,BBDC4
35,BBDCK192,,CALL,E,OTM,19.18,40.41,0.15,0.02,1.0,2.0,04/11/2024,,,,,,BBDC4
36,BBDCK696,,CALL,A,OTM,19.43,42.24,0.07,0.01,3.0,30.0,31/10/2024,,,,,,BBDC4
37,BBDCK20,,CALL,A,OTM,19.93,45.9,0.07,0.01,3.0,60.0,31/10/2024,,,,,,BBDC4
38,BBDCK202,,CALL,E,OTM,20.18,47.73,0.07,0.01,7.0,40.0,31/10/2024,,,,,,BBDC4
39,BBDCK706,,CALL,A,OTM,20.43,49.56,0.07,0.01,2.0,60.0,31/10/2024,,,,,,BBDC4
40,BBDCK209,,CALL,A,OTM,20.93,53.22,0.07,0.01,1.0,1.0,16/10/2024,,,,,,BBDC4
41,BBDCK212,,CALL,E,OTM,21.18,55.05,,,,,,,,,,,BBDC4
42,BBDCK716,,CALL,A,OTM,21.43,56.88,0.07,0.01,1.0,200.0,11/10/2024,,,,,,BBDC4
43,BBDCK219,,CALL,A,OTM,21.93,60.54,,,,,,,,,,,BBDC4
44,BBDCK222,,CALL,E,OTM,22.18,62.37,,,,,,,,,,,BBDC4
45,BBDCK225,,CALL,A,OTM,22.43,64.2,0.07,0.01,1.0,50.0,08/10/2024,,,,,,BBDC4
46,BBDCK230,,CALL,A,OTM,22.93,67.86,,,,,,,,,,,BBDC4
47,BBDCK235,,CALL,A,OTM,23.43,71.52,,,,,,,,,,,BBDC4
48,BBDCK240,,CALL,A,OTM,23.93,75.18,,,,,,,,,,,BBDC4
49,BBDCK245,,CALL,A,OTM,24.43,78.84,,,,,,,,,,,BBDC4
50,BBDCK250,,CALL,A,OTM,24.93,82.5,,,,,,,,,,,BBDC4
51,BBDCK256,,CALL,A,OTM,25.43,86.16,0.07,0.01,1.0,50.0,04/10/2024,,,,,,BBDC4
52,BBDCK261,,CALL,A,OTM,25.93,89.82,,,,,,,,,,,BBDC4
53,BBDCK266,,CALL,A,OTM,26.43,93.48,,,,,,,,,,,BBDC4
54,BBDCK271,,CALL,A,OTM,26.93,97.14,,,,,,,,,,,BBDC4
55,BBDCK296,,CALL,A,OTM,29.43,115.45,,,,,,,,,,,BBDC4
56,BBDCK496,,CALL,A,OTM,49.43,261.86,,,,,,,,,,,BBDC4
57,BBDCK501,,CALL,A,OTM,49.93,265.52,,,,,,,,,,,BBDC4
58,BBDCK531,,CALL,A,OTM,52.93,287.48,,,,,,,,,,,BBDC4
0,BBDCK921W4,,CALL,A,ITM,9.19,-32.72,,,,,,,,,,,BBDC4
1,BBDCK941W4,,CALL,A,ITM,9.39,-31.26,,,,,,,,,,,BBDC4
2,BBDCK961W4,,CALL,A,ITM,9.59,-29.8,33.24,4.54,1.0,18160.0,04/11/2024,,,,,,BBDC4
3,BBDCK981W4,,CALL,A,ITM,9.79,-28.33,,,,,,,,,,,BBDC4
4,BBDCK103W4,,CALL,A,ITM,10.29,-24.67,,,,,,,,,,,BBDC4
5,BBDCK108W4,,CALL,A,ITM,10.79,-21.01,22.33,3.05,4.0,32156.0,06/11/2024,,,,,,BBDC4
6,BBDCK113W4,,CALL,A,ITM,11.29,-17.35,,,,,,,,,,,BBDC4
7,BBDCW160W4,,PUT,E,ITM,15.79,15.59,14.13,1.93,1.0,1351.0,07/11/2024,,,,,,BBDC4
8,BBDCW16W4,,PUT,E,ITM,16.04,17.42,,,,,,,,,,,BBDC4
9,BBDCW158W4,,PUT,E,ITM,16.29,19.25,,,,,,,,,,,BBDC4
10,BBDCW168W4,,PUT,E,ITM,16.79,22.91,,,,,,,,,,,BBDC4
11,BBDCW173W4,,PUT,E,ITM,17.29,26.57,,,,,,,,,,,BBDC4
12,BBDCW178W4,,PUT,E,ITM,17.79,30.23,,,,,,,,,,,BBDC4
13,BBDCW183W4,,PUT,E,ITM,18.29,33.89,,,,,,,,,,,BBDC4
14,BBDCW188W4,,PUT,E,ITM,18.79,37.55,,,,,,,,,,,BBDC4
15,BBDCW193W4,,PUT,E,ITM,19.29,41.22,,,,,,,,,,,BBDC4
16,BBDCW198W4,,PUT,E,ITM,19.79,44.88,32.8,4.48,1.0,448.0,16/10/2024,,,,,,BBDC4
17,BBDCW203W4,,PUT,E,ITM,20.29,48.54,,,,,,,,,,,BBDC4
18,BBDCW208W4,,PUT,E,ITM,20.79,52.2,,,,,,,,,,,BBDC4
19,BBDCW213W4,,PUT,E,ITM,21.29,55.86,,,,,,,,,,,BBDC4
0,BBDCK118W4,,CALL,A,ITM,11.79,-13.69,,,,,,,,,,,BBDC4
1,BBDCK123W4,,CALL,A,ITM,12.29,-10.03,10.91,1.49,1.0,45445.0,07/11/2024,,,,,,BBDC4
2,BBDCK128W4,,CALL,A,ITM,12.79,-6.37,,,,,,,,,,,BBDC4
3,BBDCW148W4,,PUT,E,ITM,14.79,8.27,8.64,1.18,1.0,1180.0,07/11/2024,,,,,,BBDC4
4,BBDCW153W4,,PUT,E,ITM,15.29,11.93,12.15,1.66,5.0,2261.0,07/11/2024,,,,,,BBDC4
0,BBDCK133W4,✔,CALL,A,ITM,13.29,-2.71,7.76,1.06,1.0,51834.0,01/11/2024,,,,,,BBDC4
1,BBDCW133W4,✔,PUT,E,OTM,13.29,-2.71,0.88,0.12,7.0,1251.0,07/11/2024,,,,,,BBDC4
2,BBDCK138W4,✔,CALL,A,ATM,13.79,0.95,1.54,0.21,6.0,351.0,07/11/2024,,,,,,BBDC4
3,BBDCW138W4,✔,PUT,E,ATM,13.79,0.95,2.34,0.32,11.0,42627.0,07/11/2024,,,,,,BBDC4
4,BBDCK143W4,✔,CALL,A,OTM,14.29,4.61,0.44,0.06,3.0,122.0,07/11/2024,,,,,,BBDC4
5,BBDCW143W4,✔,PUT,E,ITM,14.29,4.61,4.98,0.68,10.0,2734.0,07/11/2024,,,,,,BBDC4
0,BBDCW118W4,,PUT,E,OTM,11.79,-13.69,0.07,0.01,1.0,100.0,06/11/2024,,,,,,BBDC4
1,BBDCW123W4,,PUT,E,OTM,12.29,-10.03,0.15,0.02,3.0,102.0,07/11/2024,,,,,,BBDC4
2,BBDCW128W4,✔,PUT,E,OTM,12.79,-6.37,0.29,0.04,5.0,867.0,06/11/2024,,,,,,BBDC4
3,BBDCK148W4,✔,CALL,A,OTM,14.79,8.27,0.22,0.03,2.0,42.0,07/11/2024,,,,,,BBDC4
4,BBDCK153W4,✔,CALL,A,OTM,15.29,11.93,0.15,0.02,1.0,10.0,06/11/2024,,,,,,BBDC4
0,BBDCW921W4,,PUT,E,OTM,9.19,-32.72,,,,,,,,,,,BBDC4
1,BBDCW941W4,,PUT,E,OTM,9.39,-31.26,,,,,,,,,,,BBDC4
2,BBDCW961W4,,PUT,E,OTM,9.59,-29.8,,,,,,,,,,,BBDC4
3,BBDCW981W4,,PUT,E,OTM,9.79,-28.33,,,,,,,,,,,BBDC4
4,BBDCW103W4,,PUT,E,OTM,10.29,-24.67,,,,,,,,,,,BBDC4
5,BBDCW108W4,,PUT,E,OTM,10.79,-21.01,,,,,,,,,,,BBDC4
6,BBDCW113W4,,PUT,E,OTM,11.29,-17.35,0.07,0.01,1.0,1000.0,04/11/2024,,,,,,BBDC4
7,BBDCK160W4,,CALL,E,OTM,15.79,15.59,0.07,0.01,1.0,25.0,05/11/2024,,,,,,BBDC4
8,BBDCK16W4,,CALL,A,OTM,16.04,17.42,,,,,,,,,,,BBDC4
9,BBDCK158W4,,CALL,A,OTM,16.29,19.25,0.07,0.01,1.0,1.0,05/11/2024,,,,,,BBDC4
10,BBDCK168W4,,CALL,A,OTM,16.79,22.91,0.81,0.11,1.0,132.0,29/10/2024,,,,,,BBDC4
11,BBDCK173W4,,CALL,A,OTM,17.29,26.57,,,,,,,,,,,BBDC4
12,BBDCK178W4,,CALL,A,OTM,17.79,30.23,,,,,,,,,,,BBDC4
13,BBDCK183W4,,CALL,A,OTM,18.29,33.89,,,,,,,,,,,BBDC4
14,BBDCK188W4,,CALL,A,OTM,18.79,37.55,,,,,,,,,,,BBDC4
15,BBDCK193W4,,CALL,A,OTM,19.29,41.22,,,,,,,,,,,BBDC4
16,BBDCK198W4,,CALL,A,OTM,19.79,44.88,,,,,,,,,,,BBDC4
17,BBDCK203W4,,CALL,A,OTM,20.29,48.54,,,,,,,,,,,BBDC4
18,BBDCK208W4,,CALL,A,OTM,20.79,52.2,,,,,,,,,,,BBDC4
19,BBDCK213W4,,CALL,A,OTM,21.29,55.86,,,,,,,,,,,BBDC4
0,BBDCK940W5,,CALL,A,ITM,9.38,-31.33,,,,,,,,,,,BBDC4
1,BBDCK960W5,,CALL,A,ITM,9.58,-29.87,,,,,,,,,,,BBDC4
2,BBDCK980W5,,CALL,A,ITM,9.78,-28.4,,,,,,,,,,,BBDC4
3,BBDCK100W5,,CALL,A,ITM,9.98,-26.94,,,,,,,,,,,BBDC4
4,BBDCK105W5,,CALL,A,ITM,10.48,-23.28,,,,,,,,,,,BBDC4
5,BBDCK110W5,,CALL,A,ITM,10.98,-19.62,,,,,,,,,,,BBDC4
6,BBDCK115W5,,CALL,A,ITM,11.48,-15.96,,,,,,,,,,,BBDC4
7,BBDCW160W5,,PUT,E,ITM,15.98,16.98,,,,,,,,,,,BBDC4
8,BBDCW165W5,,PUT,E,ITM,16.48,20.64,,,,,,,,,,,BBDC4
9,BBDCW170W5,,PUT,E,ITM,16.98,24.3,,,,,,,,,,,BBDC4
10,BBDCW175W5,,PUT,E,ITM,17.48,27.96,,,,,,,,,,,BBDC4
11,BBDCW180W5,,PUT,E,ITM,17.98,31.63,,,,,,,,,,,BBDC4
12,BBDCW185W5,,PUT,E,ITM,18.48,35.29,,,,,,,,,,,BBDC4
13,BBDCW190W5,,PUT,E,ITM,18.98,38.95,,,,,,,,,,,BBDC4
14,BBDCW195W5,,PUT,E,ITM,19.48,42.61,,,,,,,,,,,BBDC4
15,BBDCW200W5,,PUT,E,ITM,19.98,46.27,,,,,,,,,,,BBDC4
16,BBDCW205W5,,PUT,E,ITM,20.48,49.93,,,,,,,,,,,BBDC4
17,BBDCW210W5,,PUT,E,ITM,20.98,53.59,,,,,,,,,,,BBDC4
18,BBDCW215W5,,PUT,E,ITM,21.48,57.25,,,,,,,,,,,BBDC4
0,BBDCK120W5,,CALL,A,ITM,11.98,-12.3,,,,,,,,,,,BBDC4
1,BBDCK125W5,,CALL,A,ITM,12.48,-8.64,,,,,,,,,,,BBDC4
2,BBDCW145W5,,PUT,E,ITM,14.48,6.0,5.27,0.72,1.0,720.0,06/11/2024,,,,,,BBDC4
3,BBDCW150W5,,PUT,E,ITM,14.98,9.66,,,,,,,,,,,BBDC4
4,BBDCW155W5,,PUT,E,ITM,15.48,13.32,10.76,1.47,1.0,147.0,05/11/2024,,,,,,BBDC4
0,BBDCK130W5,,CALL,A,ITM,12.98,-4.98,,,,,,,,,,,BBDC4
1,BBDCW130W5,✔,PUT,E,OTM,12.98,-4.98,0.29,0.04,1.0,8.0,05/11/2024,,,,,,BBDC4
2,BBDCK135W5,✔,CALL,A,ATM,13.48,-1.32,2.93,0.4,1.0,4000.0,07/11/2024,,,,,,BBDC4
3,BBDCW135W5,✔,PUT,E,ATM,13.48,-1.32,1.54,0.21,3.0,462.0,07/11/2024,,,,,,BBDC4
4,BBDCK140W5,✔,CALL,A,OTM,13.98,2.34,1.39,0.19,2.0,1925.0,07/11/2024,,,,,,BBDC4
5,BBDCW140W5,✔,PUT,E,ITM,13.98,2.34,2.71,0.37,1.0,1110.0,06/11/2024,,,,,,BBDC4
0,BBDCW120W5,,PUT,E,OTM,11.98,-12.3,,,,,,,,,,,BBDC4
1,BBDCW125W5,,PUT,E,OTM,12.48,-8.64,0.22,0.03,1.0,150.0,06/11/2024,,,,,,BBDC4
2,BBDCK145W5,✔,CALL,A,OTM,14.48,6.0,0.66,0.09,6.0,9018.0,06/11/2024,,,,,,BBDC4
3,BBDCK150W5,✔,CALL,A,OTM,14.98,9.66,0.73,0.1,1.0,1000.0,06/11/2024,,,,,,BBDC4
4,BBDCK155W5,,CALL,A,OTM,15.48,13.32,0.15,0.02,2.0,400.0,07/11/2024,,,,,,BBDC4
0,BBDCW940W5,,PUT,E,OTM,9.38,-31.33,,,,,,,,,,,BBDC4
1,BBDCW960W5,,PUT,E,OTM,9.58,-29.87,,,,,,,,,,,BBDC4
2,BBDCW980W5,,PUT,E,OTM,9.78,-28.4,,,,,,,,,,,BBDC4
3,BBDCW100W5,,PUT,E,OTM,9.98,-26.94,,,,,,,,,,,BBDC4
4,BBDCW105W5,,PUT,E,OTM,10.48,-23.28,,,,,,,,,,,BBDC4
5,BBDCW110W5,,PUT,E,OTM,10.98,-19.62,,,,,,,,,,,BBDC4
6,BBDCW115W5,,PUT,E,OTM,11.48,-15.96,,,,,,,,,,,BBDC4
7,BBDCK160W5,,CALL,A,OTM,15.98,16.98,0.44,0.06,1.0,2400.0,31/10/2024,,,,,,BBDC4
8,BBDCK165W5,,CALL,A,OTM,16.48,20.64,0.44,0.06,1.0,120.0,04/11/2024,,,,,,BBDC4
9,BBDCK170W5,,CALL,A,OTM,16.98,24.3,0.15,0.02,1.0,2.0,04/11/2024,,,,,,BBDC4
10,BBDCK175W5,,CALL,A,OTM,17.48,27.96,,,,,,,,,,,BBDC4
11,BBDCK180W5,,CALL,A,OTM,17.98,31.63,,,,,,,,,,,BBDC4
12,BBDCK185W5,,CALL,A,OTM,18.48,35.29,,,,,,,,,,,BBDC4
13,BBDCK190W5,,CALL,A,OTM,18.98,38.95,,,,,,,,,,,BBDC4
14,BBDCK195W5,,CALL,A,OTM,19.48,42.61,,,,,,,,,,,BBDC4
15,BBDCK200W5,,CALL,A,OTM,19.98,46.27,,,,,,,,,,,BBDC4
16,BBDCK205W5,,CALL,A,OTM,20.48,49.93,,,,,,,,,,,BBDC4
17,BBDCK210W5,,CALL,A,OTM,20.98,53.59,,,,,,,,,,,BBDC4
18,BBDCK215W5,,CALL,A,OTM,21.48,57.25,,,,,,,,,,,BBDC4
0,BBDCL940W1,,CALL,A,ITM,9.38,-31.33,,,,,,,,,,,BBDC4
1,BBDCL960W1,,CALL,A,ITM,9.58,-29.87,,,,,,,,,,,BBDC4
2,BBDCL980W1,,CALL,A,ITM,9.78,-28.4,,,,,,,,,,,BBDC4
3,BBDCL100W1,,CALL,A,ITM,9.98,-26.94,,,,,,,,,,,BBDC4
4,BBDCL105W1,,CALL,A,ITM,10.48,-23.28,,,,,,,,,,,BBDC4
5,BBDCL110W1,,CALL,A,ITM,10.98,-19.62,,,,,,,,,,,BBDC4
6,BBDCL115W1,,CALL,A,ITM,11.48,-15.96,,,,,,,,,,,BBDC4
7,BBDCX160W1,,PUT,E,ITM,15.98,16.98,16.47,2.25,2.0,76502.0,06/11/2024,,,,,,BBDC4
8,BBDCX165W1,,PUT,E,ITM,16.48,20.64,,,,,,,,,,,BBDC4
9,BBDCX170W1,,PUT,E,ITM,16.98,24.3,,,,,,,,,,,BBDC4
10,BBDCX175W1,,PUT,E,ITM,17.48,27.96,,,,,,,,,,,BBDC4
11,BBDCX180W1,,PUT,E,ITM,17.98,31.63,,,,,,,,,,,BBDC4
12,BBDCX185W1,,PUT,E,ITM,18.48,35.29,,,,,,,,,,,BBDC4
13,BBDCX190W1,,PUT,E,ITM,18.98,38.95,,,,,,,,,,,BBDC4
14,BBDCX195W1,,PUT,E,ITM,19.48,42.61,,,,,,,,,,,BBDC4
15,BBDCX200W1,,PUT,E,ITM,19.98,46.27,,,,,,,,,,,BBDC4
16,BBDCX205W1,,PUT,E,ITM,20.48,49.93,,,,,,,,,,,BBDC4
17,BBDCX210W1,,PUT,E,ITM,20.98,53.59,,,,,,,,,,,BBDC4
18,BBDCX215W1,,PUT,E,ITM,21.48,57.25,,,,,,,,,,,BBDC4
0,BBDCL120W1,,CALL,A,ITM,11.98,-12.3,,,,,,,,,,,BBDC4
1,BBDCL125W1,,CALL,A,ITM,12.48,-8.64,,,,,,,,,,,BBDC4
2,BBDCX145W1,,PUT,E,ITM,14.48,6.0,2.86,0.39,1.0,117.0,01/11/2024,,,,,,BBDC4
3,BBDCX150W1,,PUT,E,ITM,14.98,9.66,1.76,0.24,1.0,720.0,28/10/2024,,,,,,BBDC4
4,BBDCX155W1,,PUT,E,ITM,15.48,13.32,,,,,,,,,,,BBDC4
0,BBDCL130W1,,CALL,A,ITM,12.98,-4.98,,,,,,,,,,,BBDC4
1,BBDCX130W1,,PUT,E,OTM,12.98,-4.98,0.73,0.1,1.0,120.0,07/11/2024,,,,,,BBDC4
2,BBDCL135W1,,CALL,A,ATM,13.48,-1.32,,,,,,,,,,,BBDC4
3,BBDCX135W1,,PUT,E,ATM,13.48,-1.32,1.68,0.23,1.0,690.0,07/11/2024,,,,,,BBDC4
4,BBDCL140W1,,CALL,A,OTM,13.98,2.34,1.68,0.23,2.0,6903.0,06/11/2024,,,,,,BBDC4
5,BBDCX140W1,,PUT,E,ITM,13.98,2.34,1.83,0.25,1.0,950.0,06/11/2024,,,,,,BBDC4
0,BBDCX120W1,,PUT,E,OTM,11.98,-12.3,,,,,,,,,,,BBDC4
1,BBDCX125W1,,PUT,E,OTM,12.48,-8.64,,,,,,,,,,,BBDC4
2,BBDCL145W1,,CALL,A,OTM,14.48,6.0,1.1,0.15,7.0,282.0,06/11/2024,,,,,,BBDC4
3,BBDCL150W1,,CALL,A,OTM,14.98,9.66,0.37,0.05,1.0,550.0,06/11/2024,,,,,,BBDC4
4,BBDCL155W1,,CALL,A,OTM,15.48,13.32,,,,,,,,,,,BBDC4
0,BBDCX940W1,,PUT,E,OTM,9.38,-31.33,,,,,,,,,,,BBDC4
1,BBDCX960W1,,PUT,E,OTM,9.58,-29.87,,,,,,,,,,,BBDC4
2,BBDCX980W1,,PUT,E,OTM,9.78,-28.4,,,,,,,,,,,BBDC4
3,BBDCX100W1,,PUT,E,OTM,9.98,-26.94,,,,,,,,,,,BBDC4
4,BBDCX105W1,,PUT,E,OTM,10.48,-23.28,,,,,,,,,,,BBDC4
5,BBDCX110W1,,PUT,E,OTM,10.98,-19.62,,,,,,,,,,,BBDC4
6,BBDCX115W1,,PUT,E,OTM,11.48,-15.96,,,,,,,,,,,BBDC4
7,BBDCL160W1,,CALL,A,OTM,15.98,16.98,0.15,0.02,2.0,600.0,06/11/2024,,,,,,BBDC4
8,BBDCL165W1,,CALL,A,OTM,16.48,20.64,,,,,,,,,,,BBDC4
9,BBDCL170W1,,CALL,A,OTM,16.98,24.3,,,,,,,,,,,BBDC4
10,BBDCL175W1,,CALL,A,OTM,17.48,27.96,,,,,,,,,,,BBDC4
11,BBDCL180W1,,CALL,A,OTM,17.98,31.63,,,,,,,,,,,BBDC4
12,BBDCL185W1,,CALL,A,OTM,18.48,35.29,,,,,,,,,,,BBDC4
13,BBDCL190W1,,CALL,A,OTM,18.98,38.95,,,,,,,,,,,BBDC4
14,BBDCL195W1,,CALL,A,OTM,19.48,42.61,,,,,,,,,,,BBDC4
15,BBDCL200W1,,CALL,A,OTM,19.98,46.27,,,,,,,,,,,BBDC4
16,BBDCL205W1,,CALL,A,OTM,20.48,49.93,,,,,,,,,,,BBDC4
17,BBDCL210W1,,CALL,A,OTM,20.98,53.59,,,,,,,,,,,BBDC4
18,BBDCL215W1,,CALL,A,OTM,21.48,57.25,,,,,,,,,,,BBDC4
0,BBDCL900W2,,CALL,A,ITM,9.0,-34.11,,,,,,,,,,,BBDC4
1,BBDCL920W2,,CALL,A,ITM,9.2,-32.65,,,,,,,,,,,BBDC4
2,BBDCL940W2,,CALL,A,ITM,9.4,-31.19,,,,,,,,,,,BBDC4
3,BBDCL960W2,,CALL,A,ITM,9.6,-29.72,,,,,,,,,,,BBDC4
4,BBDCL980W2,,CALL,A,ITM,9.8,-28.26,,,,,,,,,,,BBDC4
5,BBDCL100W2,,CALL,A,ITM,10.0,-26.79,,,,,,,,,,,BBDC4
6,BBDCL105W2,,CALL,A,ITM,10.5,-23.13,,,,,,,,,,,BBDC4
7,BBDCL110W2,,CALL,A,ITM,11.0,-19.47,,,,,,,,,,,BBDC4
8,BBDCL115W2,,CALL,A,ITM,11.5,-15.81,,,,,,,,,,,BBDC4
9,BBDCX160W2,,PUT,E,ITM,16.0,17.13,,,,,,,,,,,BBDC4
10,BBDCX165W2,,PUT,E,ITM,16.5,20.79,,,,,,,,,,,BBDC4
11,BBDCX170W2,,PUT,E,ITM,17.0,24.45,,,,,,,,,,,BBDC4
12,BBDCX175W2,,PUT,E,ITM,17.5,28.11,,,,,,,,,,,BBDC4
13,BBDCX180W2,,PUT,E,ITM,18.0,31.77,,,,,,,,,,,BBDC4
14,BBDCX185W2,,PUT,E,ITM,18.5,35.43,,,,,,,,,,,BBDC4
15,BBDCX190W2,,PUT,E,ITM,19.0,39.09,,,,,,,,,,,BBDC4
16,BBDCX195W2,,PUT,E,ITM,19.5,42.75,,,,,,,,,,,BBDC4
17,BBDCX200W2,,PUT,E,ITM,20.0,46.41,,,,,,,,,,,BBDC4
18,BBDCX205W2,,PUT,E,ITM,20.5,50.07,,,,,,,,,,,BBDC4
0,BBDCL120W2,,CALL,A,ITM,12.0,-12.15,,,,,,,,,,,BBDC4
1,BBDCL125W2,,CALL,A,ITM,12.5,-8.49,,,,,,,,,,,BBDC4
2,BBDCX145W2,,PUT,E,ITM,14.5,6.15,,,,,,,,,,,BBDC4
3,BBDCX150W2,,PUT,E,ITM,15.0,9.81,,,,,,,,,,,BBDC4
4,BBDCX155W2,,PUT,E,ITM,15.5,13.47,,,,,,,,,,,BBDC4
0,BBDCL130W2,,CALL,A,ITM,13.0,-4.83,,,,,,,,,,,BBDC4
1,BBDCX130W2,,PUT,E,OTM,13.0,-4.83,,,,,,,,,,,BBDC4
2,BBDCL135W2,,CALL,A,ATM,13.5,-1.17,5.05,0.69,2.0,488.0,06/11/2024,,,,,,BBDC4
3,BBDCX135W2,,PUT,E,ATM,13.5,-1.17,1.61,0.22,1.0,154.0,06/11/2024,,,,,,BBDC4
4,BBDCL140W2,,CALL,A,OTM,14.0,2.49,,,,,,,,,,,BBDC4
5,BBDCX140W2,,PUT,E,ITM,14.0,2.49,,,,,,,,,,,BBDC4
0,BBDCX120W2,,PUT,E,OTM,12.0,-12.15,,,,,,,,,,,BBDC4
1,BBDCX125W2,,PUT,E,OTM,12.5,-8.49,,,,,,,,,,,BBDC4
2,BBDCL145W2,,CALL,A,OTM,14.5,6.15,,,,,,,,,,,BBDC4
3,BBDCL150W2,,CALL,A,OTM,15.0,9.81,,,,,,,,,,,BBDC4
4,BBDCL155W2,,CALL,A,OTM,15.5,13.47,,,,,,,,,,,BBDC4
0,BBDCX900W2,,PUT,E,OTM,9.0,-34.11,,,,,,,,,,,BBDC4
1,BBDCX920W2,,PUT,E,OTM,9.2,-32.65,,,,,,,,,,,BBDC4
2,BBDCX940W2,,PUT,E,OTM,9.4,-31.19,,,,,,,,,,,BBDC4
3,BBDCX960W2,,PUT,E,OTM,9.6,-29.72,,,,,,,,,,,BBDC4
4,BBDCX980W2,,PUT,E,OTM,9.8,-28.26,,,,,,,,,,,BBDC4
5,BBDCX100W2,,PUT,E,OTM,10.0,-26.79,,,,,,,,,,,BBDC4
6,BBDCX105W2,,PUT,E,OTM,10.5,-23.13,,,,,,,,,,,BBDC4
7,BBDCX110W2,,PUT,E,OTM,11.0,-19.47,,,,,,,,,,,BBDC4
8,BBDCX115W2,,PUT,E,OTM,11.5,-15.81,,,,,,,,,,,BBDC4
9,BBDCL160W2,,CALL,A,OTM,16.0,17.13,,,,,,,,,,,BBDC4
10,BBDCL165W2,,CALL,A,OTM,16.5,20.79,,,,,,,,,,,BBDC4
11,BBDCL170W2,,CALL,A,OTM,17.0,24.45,,,,,,,,,,,BBDC4
12,BBDCL175W2,,CALL,A,OTM,17.5,28.11,,,,,,,,,,,BBDC4
13,BBDCL180W2,,CALL,A,OTM,18.0,31.77,,,,,,,,,,,BBDC4
14,BBDCL185W2,,CALL,A,OTM,18.5,35.43,,,,,,,,,,,BBDC4
15,BBDCL190W2,,CALL,A,OTM,19.0,39.09,,,,,,,,,,,BBDC4
16,BBDCL195W2,,CALL,A,OTM,19.5,42.75,,,,,,,,,,,BBDC4
17,BBDCL200W2,,CALL,A,OTM,20.0,46.41,,,,,,,,,,,BBDC4
18,BBDCL205W2,,CALL,A,OTM,20.5,50.07,,,,,,,,,,,BBDC4
0,BBDCL856,,CALL,A,ITM,8.35,-38.87,50.0,6.83,1.0,31418.0,23/10/2024,,,,,,BBDC4
1,BBDCL876,,CALL,A,ITM,8.55,-37.41,,,,,,,,,,,BBDC4
2,BBDCL886,,CALL,E,ITM,8.65,-36.68,,,,,,,,,,,BBDC4
3,BBDCL896,,CALL,A,ITM,8.75,-35.94,,,,,,,,,,,BBDC4
4,BBDCL906,,CALL,E,ITM,8.85,-35.21,,,,,,,,,,,BBDC4
5,BBDCL916,,CALL,A,ITM,8.95,-34.48,,,,,,,,,,,BBDC4
6,BBDCL926,,CALL,E,ITM,9.05,-33.75,,,,,,,,,,,BBDC4
7,BBDCL936,,CALL,A,ITM,9.15,-33.02,,,,,,,,,,,BBDC4
8,BBDCL950,,CALL,E,ITM,9.25,-32.28,42.83,5.85,2.0,59085.0,19/09/2024,,,,,,BBDC4
9,BBDCL956,,CALL,A,ITM,9.35,-31.55,,,,,,,,,,,BBDC4
10,BBDCL966,,CALL,E,ITM,9.45,-30.82,,,,,,,,,,,BBDC4
11,BBDCL976,,CALL,A,ITM,9.55,-30.09,,,,,,,,,,,BBDC4
12,BBDCL986,,CALL,E,ITM,9.65,-29.36,,,,,,,,,,,BBDC4
13,BBDCL103,,CALL,A,ITM,9.75,-28.62,,,,,,,,,,,BBDC4
14,BBDCL102,,CALL,E,ITM,10.0,-26.79,29.06,3.97,1.0,397.0,07/11/2024,,,,,,BBDC4
15,BBDCL104,,CALL,A,ITM,10.25,-24.96,,,,,,,,,,,BBDC4
16,BBDCL10,,CALL,E,ITM,10.5,-23.13,24.6,3.36,2.0,8836.0,06/11/2024,,,,,,BBDC4
17,BBDCL113,,CALL,A,ITM,10.75,-21.3,34.77,4.75,5.0,2358.0,02/10/2024,,,,,,BBDC4
18,BBDCL112,,CALL,E,ITM,11.0,-19.47,31.48,4.3,1.0,430.0,15/10/2024,,,,,,BBDC4
19,BBDCL114,,CALL,A,ITM,11.25,-17.64,,,,,,,,,,,BBDC4
20,BBDCL11,,CALL,E,ITM,11.5,-15.81,20.06,2.74,1.0,5480.0,04/11/2024,,,,,,BBDC4
21,BBDCX628,,PUT,E,ITM,15.75,15.3,14.64,2.0,7.0,12030.0,07/11/2024,,,,,,BBDC4
22,BBDCX167,,PUT,E,ITM,16.0,17.13,16.03,2.19,16.0,88761.0,07/11/2024,,,,,,BBDC4
23,BBDCX175,,PUT,E,ITM,16.25,18.96,16.4,2.24,2.0,23105.0,07/11/2024,,,,,,BBDC4
24,BBDCX171,,PUT,E,ITM,16.5,20.79,19.84,2.71,5.0,44528.0,07/11/2024,,,,,,BBDC4
25,BBDCX169,,PUT,E,ITM,16.75,22.62,21.52,2.94,5.0,28540.0,07/11/2024,,,,,,BBDC4
26,BBDCX172,,PUT,E,ITM,17.0,24.45,23.43,3.2,5.0,7264.0,07/11/2024,,,,,,BBDC4
27,BBDCX174,,PUT,E,ITM,17.25,26.28,24.3,3.32,3.0,2979.0,07/11/2024,,,,,,BBDC4
28,BBDCX176,,PUT,E,ITM,17.5,28.11,24.45,3.34,4.0,135563.0,05/11/2024,,,,,,BBDC4
29,BBDCX20,,PUT,E,ITM,17.75,29.94,27.75,3.79,2.0,23856.0,07/11/2024,,,,,,BBDC4
30,BBDCX181,,PUT,E,ITM,18.0,31.77,28.04,3.83,2.0,7277.0,05/11/2024,,,,,,BBDC4
31,BBDCX184,,PUT,E,ITM,18.25,33.6,25.84,3.53,1.0,706.0,31/10/2024,,,,,,BBDC4
32,BBDCX186,,PUT,E,ITM,18.5,35.43,32.5,4.44,5.0,754820.0,07/11/2024,,,,,,BBDC4
33,BBDCX189,,PUT,E,ITM,18.75,37.26,35.14,4.8,4.0,19200.0,07/11/2024,,,,,,BBDC4
34,BBDCX191,,PUT,E,ITM,19.0,39.09,,,,,,,,,,,BBDC4
35,BBDCX194,,PUT,E,ITM,19.25,40.92,,,,,,,,,,,BBDC4
36,BBDCX196,,PUT,E,ITM,19.5,42.75,,,,,,,,,,,BBDC4
37,BBDCX199,,PUT,E,ITM,19.75,44.58,33.46,4.57,2.0,29702.0,14/10/2024,,,,,,BBDC4
38,BBDCX201,,PUT,E,ITM,20.0,46.41,38.43,5.25,1.0,31500.0,31/10/2024,,,,,,BBDC4
39,BBDCX204,,PUT,E,ITM,20.25,48.24,,,,,,,,,,,BBDC4
40,BBDCX206,,PUT,E,ITM,20.5,50.07,,,,,,,,,,,BBDC4
41,BBDCX209,,PUT,E,ITM,20.75,51.9,38.8,5.3,2.0,12720.0,16/10/2024,,,,,,BBDC4
42,BBDCX211,,PUT,E,ITM,21.0,53.73,,,,,,,,,,,BBDC4
43,BBDCX214,,PUT,E,ITM,21.25,55.56,,,,,,,,,,,BBDC4
44,BBDCX216,,PUT,E,ITM,21.5,57.39,45.53,6.22,1.0,622.0,23/10/2024,,,,,,BBDC4
45,BBDCX219,,PUT,E,ITM,21.75,59.22,47.51,6.49,1.0,3245.0,29/10/2024,,,,,,BBDC4
46,BBDCX224,,PUT,E,ITM,22.25,62.88,60.4,8.25,3.0,11603.0,06/11/2024,,,,,,BBDC4
47,BBDCX22,,PUT,E,ITM,22.5,64.71,62.15,8.49,2.0,25378.0,06/11/2024,,,,,,BBDC4
48,BBDCX229,,PUT,E,ITM,22.75,66.54,53.59,7.32,1.0,732.0,15/10/2024,,,,,,BBDC4
49,BBDCX234,,PUT,E,ITM,23.25,70.2,55.27,7.55,1.0,755.0,28/10/2024,,,,,,BBDC4
50,BBDCX239,,PUT,E,ITM,23.75,73.87,68.81,9.4,1.0,940.0,05/11/2024,,,,,,BBDC4
51,BBDCX244,,PUT,E,ITM,24.25,77.53,64.28,8.78,1.0,878.0,23/10/2024,,,,,,BBDC4
52,BBDCX249,,PUT,E,ITM,24.75,81.19,67.42,9.21,1.0,921.0,24/10/2024,,,,,,BBDC4
53,BBDCX254,,PUT,E,ITM,25.25,84.85,,,,,,,,,,,BBDC4
54,BBDCX259,,PUT,E,ITM,25.75,88.51,86.16,11.77,7.0,70550.0,07/11/2024,,,,,,BBDC4
55,BBDCX262,,PUT,E,ITM,26.0,90.34,75.26,10.28,1.0,1028.0,19/09/2024,,,,,,BBDC4
56,BBDCX264,,PUT,E,ITM,26.25,92.17,,,,,,,,,,,BBDC4
57,BBDCX269,,PUT,E,ITM,26.75,95.83,78.99,10.79,1.0,7553.0,18/10/2024,,,,,,BBDC4
58,BBDCX274,,PUT,E,ITM,27.25,99.49,95.17,13.0,1.0,1300.0,05/11/2024,,,,,,BBDC4
0,BBDCL123,,CALL,A,ITM,11.75,-13.98,16.47,2.25,1.0,10575.0,06/11/2024,,,,,,BBDC4
1,BBDCL12,,CALL,E,ITM,12.0,-12.15,13.03,1.78,7.0,24662.0,07/11/2024,,,,,,BBDC4
2,BBDCL127,,CALL,A,ITM,12.25,-10.32,11.27,1.54,13.0,48585.0,07/11/2024,,,,,,BBDC4
3,BBDCL512,,CALL,A,ITM,12.75,-6.66,8.42,1.15,16.0,24924.0,07/11/2024,,,,,,BBDC4
4,BBDCX150,✔,PUT,E,ITM,14.5,6.15,6.3,0.86,77.0,527084.0,07/11/2024,,,,,,BBDC4
5,BBDCX159,,PUT,E,ITM,14.75,7.98,7.76,1.06,41.0,311564.0,07/11/2024,,,,,,BBDC4
6,BBDCX1,,PUT,E,ITM,15.0,9.81,9.37,1.28,23.0,47569.0,07/11/2024,,,,,,BBDC4
7,BBDCX154,,PUT,E,ITM,15.25,11.64,11.13,1.52,19.0,140290.0,07/11/2024,,,,,,BBDC4
8,BBDCX157,,PUT,E,ITM,15.5,13.47,12.66,1.73,12.0,28087.0,07/11/2024,,,,,,BBDC4
0,BBDCL135,,CALL,E,ITM,13.0,-4.83,6.81,0.93,29.0,87110.0,07/11/2024,,,,,,BBDC4
1,BBDCX135,✔,PUT,E,OTM,13.0,-4.83,1.1,0.15,119.0,63368.0,07/11/2024,,,,,,BBDC4
2,BBDCL137,✔,CALL,A,ITM,13.25,-3.0,5.49,0.75,33.0,216166.0,07/11/2024,,,,,,BBDC4
3,BBDCX137,,PUT,E,OTM,13.25,-3.0,1.54,0.21,112.0,118875.0,07/11/2024,,,,,,BBDC4
4,BBDCL142,,CALL,E,ATM,13.5,-1.17,4.32,0.59,24.0,47026.0,07/11/2024,,,,,,BBDC4
5,BBDCX142,✔,PUT,E,ATM,13.5,-1.17,2.12,0.29,165.0,175176.0,07/11/2024,,,,,,BBDC4
6,BBDCL143,✔,CALL,A,ATM,13.75,0.66,3.59,0.49,194.0,383689.0,07/11/2024,,,,,,BBDC4
7,BBDCX143,,PUT,E,ATM,13.75,0.66,2.86,0.39,115.0,221817.0,07/11/2024,,,,,,BBDC4
8,BBDCL145,,CALL,E,OTM,14.0,2.49,2.42,0.33,243.0,558245.0,07/11/2024,,,,,,BBDC4
9,BBDCX145,✔,PUT,E,ITM,14.0,2.49,3.88,0.53,99.0,324570.0,07/11/2024,,,,,,BBDC4
10,BBDCL148,✔,CALL,A,OTM,14.25,4.32,1.83,0.25,161.0,362010.0,07/11/2024,,,,,,BBDC4
11,BBDCX148,,PUT,E,ITM,14.25,4.32,4.98,0.68,43.0,141176.0,07/11/2024,,,,,,BBDC4
0,BBDCX123,,PUT,E,OTM,11.75,-13.98,0.22,0.03,4.0,1890.0,07/11/2024,,,,,,BBDC4
1,BBDCX12,,PUT,E,OTM,12.0,-12.15,0.29,0.04,10.0,532.0,07/11/2024,,,,,,BBDC4
2,BBDCX127,,PUT,E,OTM,12.25,-10.32,0.37,0.05,45.0,28532.0,07/11/2024,,,,,,BBDC4
3,BBDCX512,,PUT,E,OTM,12.75,-6.66,0.81,0.11,78.0,52220.0,07/11/2024,,,,,,BBDC4
4,BBDCL150,,CALL,E,OTM,14.5,6.15,1.17,0.16,177.0,431973.0,07/11/2024,,,,,,BBDC4
5,BBDCL159,✔,CALL,A,OTM,14.75,7.98,0.88,0.12,152.0,190200.0,07/11/2024,,,,,,BBDC4
6,BBDCL1,,CALL,E,OTM,15.0,9.81,0.66,0.09,88.0,46777.0,07/11/2024,,,,,,BBDC4
7,BBDCL154,✔,CALL,A,OTM,15.25,11.64,0.44,0.06,126.0,85724.0,07/11/2024,,,,,,BBDC4
8,BBDCL157,,CALL,E,OTM,15.5,13.47,0.37,0.05,40.0,17461.0,07/11/2024,,,,,,BBDC4
0,BBDCX856,,PUT,E,OTM,8.35,-38.87,,,,,,,,,,,BBDC4
1,BBDCX876,,PUT,E,OTM,8.55,-37.41,,,,,,,,,,,BBDC4
2,BBDCX886,,PUT,E,OTM,8.65,-36.68,,,,,,,,,,,BBDC4
3,BBDCX896,,PUT,E,OTM,8.75,-35.94,,,,,,,,,,,BBDC4
4,BBDCX906,,PUT,E,OTM,8.85,-35.21,,,,,,,,,,,BBDC4
5,BBDCX916,,PUT,E,OTM,8.95,-34.48,,,,,,,,,,,BBDC4
6,BBDCX926,,PUT,E,OTM,9.05,-33.75,,,,,,,,,,,BBDC4
7,BBDCX936,,PUT,E,OTM,9.15,-33.02,,,,,,,,,,,BBDC4
8,BBDCX950,,PUT,E,OTM,9.25,-32.28,0.15,0.02,1.0,2.0,10/09/2024,,,,,,BBDC4
9,BBDCX956,,PUT,E,OTM,9.35,-31.55,0.15,0.02,1.0,2.0,10/09/2024,,,,,,BBDC4
10,BBDCX966,,PUT,E,OTM,9.45,-30.82,0.15,0.02,4.0,45.0,23/09/2024,,,,,,BBDC4
11,BBDCX976,,PUT,E,OTM,9.55,-30.09,0.15,0.02,1.0,10.0,04/11/2024,,,,,,BBDC4
12,BBDCX986,,PUT,E,OTM,9.65,-29.36,,,,,,,,,,,BBDC4
13,BBDCX103,,PUT,E,OTM,9.75,-28.62,0.15,0.02,2.0,20.0,25/09/2024,,,,,,BBDC4
14,BBDCX102,,PUT,E,OTM,10.0,-26.79,0.07,0.01,1.0,1.0,02/10/2024,,,,,,BBDC4
15,BBDCX104,,PUT,E,OTM,10.25,-24.96,0.07,0.01,1.0,20.0,06/11/2024,,,,,,BBDC4
16,BBDCX10,,PUT,E,OTM,10.5,-23.13,0.15,0.02,1.0,60.0,24/10/2024,,,,,,BBDC4
17,BBDCX113,,PUT,E,OTM,10.75,-21.3,0.07,0.01,3.0,3.0,07/11/2024,,,,,,BBDC4
18,BBDCX112,,PUT,E,OTM,11.0,-19.47,0.07,0.01,2.0,6.0,07/11/2024,,,,,,BBDC4
19,BBDCX114,,PUT,E,OTM,11.25,-17.64,0.07,0.01,1.0,4.0,07/11/2024,,,,,,BBDC4
20,BBDCX11,,PUT,E,OTM,11.5,-15.81,0.15,0.02,4.0,498.0,07/11/2024,,,,,,BBDC4
21,BBDCL628,,CALL,A,OTM,15.75,15.3,0.29,0.04,50.0,32882.0,07/11/2024,,,,,,BBDC4
22,BBDCL167,,CALL,E,OTM,16.0,17.13,0.22,0.03,21.0,1160.0,07/11/2024,,,,,,BBDC4
23,BBDCL175,,CALL,A,OTM,16.25,18.96,0.15,0.02,27.0,14674.0,07/11/2024,,,,,,BBDC4
24,BBDCL171,,CALL,E,OTM,16.5,20.79,0.15,0.02,26.0,10281.0,07/11/2024,,,,,,BBDC4
25,BBDCL169,,CALL,A,OTM,16.75,22.62,0.07,0.01,10.0,1080.0,07/11/2024,,,,,,BBDC4
26,BBDCL172,,CALL,E,OTM,17.0,24.45,0.15,0.02,2.0,52.0,07/11/2024,,,,,,BBDC4
27,BBDCL174,,CALL,A,OTM,17.25,26.28,0.07,0.01,2.0,379.0,07/11/2024,,,,,,BBDC4
28,BBDCL176,,CALL,E,OTM,17.5,28.11,0.15,0.02,2.0,212.0,05/11/2024,,,,,,BBDC4
29,BBDCL20,,CALL,A,OTM,17.75,29.94,0.15,0.02,1.0,2.0,07/11/2024,,,,,,BBDC4
30,BBDCL181,,CALL,E,OTM,18.0,31.77,0.07,0.01,2.0,51.0,07/11/2024,,,,,,BBDC4
31,BBDCL184,,CALL,A,OTM,18.25,33.6,0.07,0.01,10.0,1787.0,06/11/2024,,,,,,BBDC4
32,BBDCL186,,CALL,E,OTM,18.5,35.43,0.07,0.01,2.0,100.0,06/11/2024,,,,,,BBDC4
33,BBDCL189,,CALL,A,OTM,18.75,37.26,0.07,0.01,8.0,353.0,04/11/2024,,,,,,BBDC4
34,BBDCL191,,CALL,E,OTM,19.0,39.09,0.15,0.02,1.0,20.0,01/11/2024,,,,,,BBDC4
35,BBDCL194,,CALL,A,OTM,19.25,40.92,0.15,0.02,5.0,4174.0,30/10/2024,,,,,,BBDC4
36,BBDCL196,,CALL,E,OTM,19.5,42.75,0.15,0.02,3.0,240.0,29/10/2024,,,,,,BBDC4
37,BBDCL199,,CALL,A,OTM,19.75,44.58,0.15,0.02,1.0,100.0,29/10/2024,,,,,,BBDC4
38,BBDCL201,,CALL,E,OTM,20.0,46.41,0.15,0.02,1.0,100.0,30/10/2024,,,,,,BBDC4
39,BBDCL204,,CALL,A,OTM,20.25,48.24,0.15,0.02,1.0,100.0,24/10/2024,,,,,,BBDC4
40,BBDCL206,,CALL,E,OTM,20.5,50.07,0.15,0.02,1.0,40.0,23/10/2024,,,,,,BBDC4
41,BBDCL209,,CALL,A,OTM,20.75,51.9,0.15,0.02,1.0,100.0,17/10/2024,,,,,,BBDC4
42,BBDCL211,,CALL,E,OTM,21.0,53.73,,,,,,,,,,,BBDC4
43,BBDCL214,,CALL,A,OTM,21.25,55.56,,,,,,,,,,,BBDC4
44,BBDCL216,,CALL,E,OTM,21.5,57.39,,,,,,,,,,,BBDC4
45,BBDCL219,,CALL,A,OTM,21.75,59.22,0.07,0.01,1.0,10.0,31/10/2024,,,,,,BBDC4
46,BBDCL224,,CALL,A,OTM,22.25,62.88,,,,,,,,,,,BBDC4
47,BBDCL22,,CALL,E,OTM,22.5,64.71,,,,,,,,,,,BBDC4
48,BBDCL229,,CALL,A,OTM,22.75,66.54,,,,,,,,,,,BBDC4
49,BBDCL234,,CALL,A,OTM,23.25,70.2,,,,,,,,,,,BBDC4
50,BBDCL239,,CALL,A,OTM,23.75,73.87,,,,,,,,,,,BBDC4
51,BBDCL244,,CALL,A,OTM,24.25,77.53,,,,,,,,,,,BBDC4
52,BBDCL249,,CALL,A,OTM,24.75,81.19,,,,,,,,,,,BBDC4
53,BBDCL254,,CALL,A,OTM,25.25,84.85,,,,,,,,,,,BBDC4
54,BBDCL259,,CALL,A,OTM,25.75,88.51,,,,,,,,,,,BBDC4
55,BBDCL262,,CALL,E,OTM,26.0,90.34,0.07,0.01,1.0,10.0,26/08/2024,,,,,,BBDC4
56,BBDCL264,,CALL,A,OTM,26.25,92.17,,,,,,,,,,,BBDC4
57,BBDCL269,,CALL,A,OTM,26.75,95.83,,,,,,,,,,,BBDC4
58,BBDCL274,,CALL,A,OTM,27.25,99.49,,,,,,,,,,,BBDC4
0,BBDCA81,,CALL,A,ITM,8.19,-40.04,,,,,,,,,,,BBDC4
1,BBDCA83,,CALL,A,ITM,8.39,-38.58,,,,,,,,,,,BBDC4
2,BBDCA880,,CALL,A,ITM,8.59,-37.12,46.71,6.38,1.0,638.0,11/10/2024,,,,,,BBDC4
3,BBDCA87,,CALL,A,ITM,8.79,-35.65,,,,,,,,,,,BBDC4
4,BBDCA89,,CALL,A,ITM,8.99,-34.19,,,,,,,,,,,BBDC4
5,BBDCA940,,CALL,A,ITM,9.19,-32.72,43.27,5.91,1.0,591.0,27/09/2024,,,,,,BBDC4
6,BBDCA93,,CALL,A,ITM,9.39,-31.26,,,,,,,,,,,BBDC4
7,BBDCA95,,CALL,A,ITM,9.59,-29.8,,,,,,,,,,,BBDC4
8,BBDCA969,,CALL,A,ITM,9.69,-29.06,,,,,,,,,,,BBDC4
9,BBDCA104,,CALL,A,ITM,9.79,-28.33,39.53,5.4,1.0,540.0,03/10/2024,,,,,,BBDC4
10,BBDCA103,,CALL,A,ITM,10.29,-24.67,,,,,,,,,,,BBDC4
11,BBDCA114,,CALL,A,ITM,10.79,-21.01,33.67,4.6,3.0,1345.0,15/08/2024,,,,,,BBDC4
12,BBDCA110,,CALL,E,ITM,11.04,-19.18,,,,,,,,,,,BBDC4
13,BBDCA11,,CALL,A,ITM,11.29,-17.35,,,,,,,,,,,BBDC4
14,BBDCA116,,CALL,E,ITM,11.54,-15.52,,,,,,,,,,,BBDC4
15,BBDCM160,,PUT,E,ITM,15.79,15.59,14.06,1.92,4.0,16195.0,06/11/2024,,,,,,BBDC4
16,BBDCM162,,PUT,E,ITM,16.04,17.42,15.01,2.05,2.0,10705.0,06/11/2024,,,,,,BBDC4
17,BBDCM169,,PUT,E,ITM,16.29,19.25,17.72,2.42,2.0,3166.0,07/11/2024,,,,,,BBDC4
18,BBDCM167,,PUT,E,ITM,16.54,21.08,16.4,2.24,6.0,1288.0,04/11/2024,,,,,,BBDC4
19,BBDCM170,,PUT,E,ITM,16.79,22.91,20.13,2.75,4.0,2212.0,07/11/2024,,,,,,BBDC4
20,BBDCM172,,PUT,E,ITM,17.04,24.74,23.06,3.15,4.0,6293.0,06/11/2024,,,,,,BBDC4
21,BBDCM175,,PUT,E,ITM,17.29,26.57,20.35,2.78,2.0,558.0,01/11/2024,,,,,,BBDC4
22,BBDCM177,,PUT,E,ITM,17.54,28.4,16.84,2.3,12.0,2816.0,30/10/2024,,,,,,BBDC4
23,BBDCM18,,PUT,E,ITM,17.79,30.23,25.62,3.5,1.0,700.0,07/11/2024,,,,,,BBDC4
24,BBDCM179,,PUT,E,ITM,18.04,32.06,21.45,2.93,3.0,204680.0,25/10/2024,,,,,,BBDC4
25,BBDCM183,,PUT,E,ITM,18.29,33.89,,,,,,,,,,,BBDC4
26,BBDCM184,,PUT,E,ITM,18.54,35.72,22.55,3.08,2.0,412560.0,24/10/2024,,,,,,BBDC4
27,BBDCM190,,PUT,E,ITM,18.79,37.55,23.28,3.18,4.0,1295.0,24/10/2024,,,,,,BBDC4
28,BBDCM19,,PUT,E,ITM,19.04,39.39,,,,,,,,,,,BBDC4
29,BBDCM193,,PUT,E,ITM,19.29,41.22,26.5,3.62,1.0,1448000.0,21/10/2024,,,,,,BBDC4
30,BBDCM195,,PUT,E,ITM,19.54,43.05,,,,,,,,,,,BBDC4
31,BBDCM198,,PUT,E,ITM,19.79,44.88,,,,,,,,,,,BBDC4
32,BBDCM199,,PUT,E,ITM,20.04,46.71,,,,,,,,,,,BBDC4
33,BBDCM205,,PUT,E,ITM,20.29,48.54,,,,,,,,,,,BBDC4
34,BBDCM204,,PUT,E,ITM,20.54,50.37,,,,,,,,,,,BBDC4
35,BBDCM210,,PUT,E,ITM,20.79,52.2,49.71,6.79,3.0,8837.0,07/11/2024,,,,,,BBDC4
36,BBDCM213,,PUT,E,ITM,21.29,55.86,,,,,,,,,,,BBDC4
37,BBDCM22,,PUT,E,ITM,21.79,59.52,51.24,7.0,1.0,1400.0,04/11/2024,,,,,,BBDC4
38,BBDCM223,,PUT,E,ITM,22.29,63.18,,,,,,,,,,,BBDC4
39,BBDCM228,,PUT,E,ITM,22.79,66.84,,,,,,,,,,,BBDC4
40,BBDCM233,,PUT,E,ITM,23.29,70.5,,,,,,,,,,,BBDC4
41,BBDCM238,,PUT,E,ITM,23.79,74.16,,,,,,,,,,,BBDC4
42,BBDCM241,,PUT,E,ITM,24.29,77.82,,,,,,,,,,,BBDC4
43,BBDCM246,,PUT,E,ITM,24.79,81.48,,,,,,,,,,,BBDC4
0,BBDCA124,,CALL,A,ITM,11.79,-13.69,27.45,3.75,47.0,171375.0,07/10/2024,,,,,,BBDC4
1,BBDCA119,,CALL,E,ITM,12.04,-11.86,,,,,,,,,,,BBDC4
2,BBDCA129,,CALL,A,ITM,12.29,-10.03,12.01,1.64,3.0,26630.0,07/11/2024,,,,,,BBDC4
3,BBDCA127,,CALL,E,ITM,12.54,-8.2,11.35,1.55,1.0,1705.0,07/11/2024,,,,,,BBDC4
4,BBDCA128,,CALL,A,ITM,12.79,-6.37,,,,,,,,,,,BBDC4
5,BBDCM147,,PUT,E,ITM,14.54,6.44,6.59,0.9,12.0,7808.0,07/11/2024,,,,,,BBDC4
6,BBDCM150,,PUT,E,ITM,14.79,8.27,7.69,1.05,5.0,589.0,07/11/2024,,,,,,BBDC4
7,BBDCM751,,PUT,E,ITM,15.04,10.1,9.3,1.27,7.0,7520.0,07/11/2024,,,,,,BBDC4
8,BBDCM155,,PUT,E,ITM,15.29,11.93,11.2,1.53,5.0,7817.0,07/11/2024,,,,,,BBDC4
9,BBDCM161,,PUT,E,ITM,15.54,13.76,12.01,1.64,3.0,8477.0,06/11/2024,,,,,,BBDC4
0,BBDCA130,,CALL,E,ITM,13.04,-4.54,,,,,,,,,,,BBDC4
1,BBDCM130,,PUT,E,OTM,13.04,-4.54,,,,,,,,,,,BBDC4
2,BBDCA135,✔,CALL,A,ITM,13.29,-2.71,7.39,1.01,3.0,4055.0,06/11/2024,,,,,,BBDC4
3,BBDCM135,✔,PUT,E,OTM,13.29,-2.71,1.9,0.26,27.0,4584.0,07/11/2024,,,,,,BBDC4
4,BBDCA141,,CALL,E,ATM,13.54,-0.88,5.12,0.7,13.0,10096.0,07/11/2024,,,,,,BBDC4
5,BBDCM141,,PUT,E,ATM,13.54,-0.88,2.64,0.36,61.0,10272.0,07/11/2024,,,,,,BBDC4
6,BBDCA144,✔,CALL,A,ATM,13.79,0.95,5.05,0.69,11.0,17719.0,07/11/2024,,,,,,BBDC4
7,BBDCM144,✔,PUT,E,ATM,13.79,0.95,3.37,0.46,72.0,10010.0,07/11/2024,,,,,,BBDC4
8,BBDCA14,,CALL,E,OTM,14.04,2.78,,,,,,,,,,,BBDC4
9,BBDCM14,,PUT,E,ITM,14.04,2.78,,,,,,,,,,,BBDC4
10,BBDCA145,✔,CALL,A,OTM,14.29,4.61,2.42,0.33,11.0,9502.0,07/11/2024,,,,,,BBDC4
11,BBDCM145,,PUT,E,ITM,14.29,4.61,5.34,0.73,59.0,51449.0,07/11/2024,,,,,,BBDC4
0,BBDCM124,,PUT,E,OTM,11.79,-13.69,0.37,0.05,2.0,150.0,06/11/2024,,,,,,BBDC4
1,BBDCM119,,PUT,E,OTM,12.04,-11.86,,,,,,,,,,,BBDC4
2,BBDCM129,,PUT,E,OTM,12.29,-10.03,0.59,0.08,6.0,153.0,07/11/2024,,,,,,BBDC4
3,BBDCM127,,PUT,E,OTM,12.54,-8.2,0.88,0.12,15.0,661.0,07/11/2024,,,,,,BBDC4
4,BBDCM128,✔,PUT,E,OTM,12.79,-6.37,,,,,,,,,,,BBDC4
5,BBDCA147,,CALL,E,OTM,14.54,6.44,2.05,0.28,1.0,28.0,07/11/2024,,,,,,BBDC4
6,BBDCA150,✔,CALL,A,OTM,14.79,8.27,1.46,0.2,17.0,1100012.0,07/11/2024,,,,,,BBDC4
7,BBDCA751,,CALL,E,OTM,15.04,10.1,1.02,0.14,15.0,1687.0,07/11/2024,,,,,,BBDC4
8,BBDCA155,,CALL,A,OTM,15.29,11.93,0.88,0.12,17.0,484.0,07/11/2024,,,,,,BBDC4
9,BBDCA161,,CALL,E,OTM,15.54,13.76,0.66,0.09,2.0,18.0,07/11/2024,,,,,,BBDC4
0,BBDCM81,,PUT,E,OTM,8.19,-40.04,,,,,,,,,,,BBDC4
1,BBDCM83,,PUT,E,OTM,8.39,-38.58,,,,,,,,,,,BBDC4
2,BBDCM880,,PUT,E,OTM,8.59,-37.12,0.07,0.01,1.0,1.0,06/11/2024,,,,,,BBDC4
3,BBDCM87,,PUT,E,OTM,8.79,-35.65,,,,,,,,,,,BBDC4
4,BBDCM89,,PUT,E,OTM,8.99,-34.19,,,,,,,,,,,BBDC4
5,BBDCM940,,PUT,E,OTM,9.19,-32.72,,,,,,,,,,,BBDC4
6,BBDCM93,,PUT,E,OTM,9.39,-31.26,,,,,,,,,,,BBDC4
7,BBDCM95,,PUT,E,OTM,9.59,-29.8,,,,,,,,,,,BBDC4
8,BBDCM969,,PUT,E,OTM,9.69,-29.06,,,,,,,,,,,BBDC4
9,BBDCM104,,PUT,E,OTM,9.79,-28.33,0.07,0.01,2.0,15.0,07/11/2024,,,,,,BBDC4
10,BBDCM103,,PUT,E,OTM,10.29,-24.67,,,,,,,,,,,BBDC4
11,BBDCM114,,PUT,E,OTM,10.79,-21.01,0.15,0.02,2.0,20.0,05/11/2024,,,,,,BBDC4
12,BBDCM110,,PUT,E,OTM,11.04,-19.18,,,,,,,,,,,BBDC4
13,BBDCM11,,PUT,E,OTM,11.29,-17.35,0.22,0.03,2.0,30.0,28/10/2024,,,,,,BBDC4
14,BBDCM116,,PUT,E,OTM,11.54,-15.52,,,,,,,,,,,BBDC4
15,BBDCA160,,CALL,A,OTM,15.79,15.59,0.51,0.07,5.0,8109.0,07/11/2024,,,,,,BBDC4
16,BBDCA162,,CALL,E,OTM,16.04,17.42,0.51,0.07,1.0,7.0,07/11/2024,,,,,,BBDC4
17,BBDCA169,,CALL,A,OTM,16.29,19.25,0.37,0.05,4.0,50.0,07/11/2024,,,,,,BBDC4
18,BBDCA167,,CALL,E,OTM,16.54,21.08,0.29,0.04,2.0,12.0,07/11/2024,,,,,,BBDC4
19,BBDCA170,,CALL,A,OTM,16.79,22.91,0.37,0.05,2.0,130.0,05/11/2024,,,,,,BBDC4
20,BBDCA172,,CALL,E,OTM,17.04,24.74,0.22,0.03,1.0,6.0,07/11/2024,,,,,,BBDC4
21,BBDCA175,,CALL,A,OTM,17.29,26.57,0.22,0.03,1.0,6.0,06/11/2024,,,,,,BBDC4
22,BBDCA177,,CALL,E,OTM,17.54,28.4,0.07,0.01,1.0,6.0,07/11/2024,,,,,,BBDC4
23,BBDCA18,,CALL,A,OTM,17.79,30.23,,,,,,,,,,,BBDC4
24,BBDCA179,,CALL,E,OTM,18.04,32.06,0.44,0.06,1.0,18.0,05/11/2024,,,,,,BBDC4
25,BBDCA183,,CALL,A,OTM,18.29,33.89,,,,,,,,,,,BBDC4
26,BBDCA184,,CALL,E,OTM,18.54,35.72,0.15,0.02,1.0,300.0,07/11/2024,,,,,,BBDC4
27,BBDCA190,,CALL,A,OTM,18.79,37.55,0.51,0.07,2.0,560.0,23/10/2024,,,,,,BBDC4
28,BBDCA19,,CALL,E,OTM,19.04,39.39,,,,,,,,,,,BBDC4
29,BBDCA193,,CALL,A,OTM,19.29,41.22,0.15,0.02,1.0,2.0,31/10/2024,,,,,,BBDC4
30,BBDCA195,,CALL,E,OTM,19.54,43.05,,,,,,,,,,,BBDC4
31,BBDCA198,,CALL,A,OTM,19.79,44.88,,,,,,,,,,,BBDC4
32,BBDCA199,,CALL,E,OTM,20.04,46.71,,,,,,,,,,,BBDC4
33,BBDCA205,,CALL,A,OTM,20.29,48.54,,,,,,,,,,,BBDC4
34,BBDCA204,,CALL,E,OTM,20.54,50.37,,,,,,,,,,,BBDC4
35,BBDCA210,,CALL,A,OTM,20.79,52.2,0.15,0.02,1.0,60.0,30/10/2024,,,,,,BBDC4
36,BBDCA213,,CALL,A,OTM,21.29,55.86,,,,,,,,,,,BBDC4
37,BBDCA22,,CALL,A,OTM,21.79,59.52,,,,,,,,,,,BBDC4
38,BBDCA223,,CALL,A,OTM,22.29,63.18,,,,,,,,,,,BBDC4
39,BBDCA228,,CALL,A,OTM,22.79,66.84,,,,,,,,,,,BBDC4
40,BBDCA233,,CALL,A,OTM,23.29,70.5,,,,,,,,,,,BBDC4
41,BBDCA238,,CALL,A,OTM,23.79,74.16,,,,,,,,,,,BBDC4
42,BBDCA241,,CALL,A,OTM,24.29,77.82,,,,,,,,,,,BBDC4
43,BBDCA246,,CALL,A,OTM,24.79,81.48,,,,,,,,,,,BBDC4
0,BBDCB948,,CALL,E,ITM,7.79,-42.97,56.08,7.66,1.0,9192.0,24/10/2024,,,,,,BBDC4
1,BBDCB901,,CALL,E,ITM,8.99,-34.19,,,,,,,,,,,BBDC4
2,BBDCB921,,CALL,E,ITM,9.19,-32.72,,,,,,,,,,,BBDC4
3,BBDCB104,,CALL,A,ITM,9.79,-28.33,41.51,5.67,1.0,2268.0,24/10/2024,,,,,,BBDC4
4,BBDCB114,,CALL,A,ITM,10.79,-21.01,,,,,,,,,,,BBDC4
5,BBDCB115,,CALL,E,ITM,11.54,-15.52,,,,,,,,,,,BBDC4
6,BBDCN160,,PUT,E,ITM,15.79,15.59,13.76,1.88,12.0,2125.0,07/11/2024,,,,,,BBDC4
7,BBDCN159,,PUT,E,ITM,16.04,17.42,14.86,2.03,2.0,2840.0,07/11/2024,,,,,,BBDC4
8,BBDCN180,,PUT,E,ITM,16.29,19.25,13.98,1.91,2.0,382.0,04/11/2024,,,,,,BBDC4
9,BBDCN165,,PUT,E,ITM,16.54,21.08,16.11,2.2,1.0,8800.0,07/11/2024,,,,,,BBDC4
10,BBDCN170,,PUT,E,ITM,16.79,22.91,13.84,1.89,4.0,758.0,31/10/2024,,,,,,BBDC4
11,BBDCN17,,PUT,E,ITM,17.04,24.74,18.3,2.5,1.0,250.0,01/11/2024,,,,,,BBDC4
12,BBDCN19,,PUT,E,ITM,17.29,26.57,20.2,2.76,3.0,2828750.0,04/11/2024,,,,,,BBDC4
13,BBDCN176,,PUT,E,ITM,17.79,30.23,22.99,3.14,1.0,150092.0,07/11/2024,,,,,,BBDC4
14,BBDCN200,,PUT,E,ITM,18.29,33.89,26.72,3.65,4.0,1449.0,04/11/2024,,,,,,BBDC4
15,BBDCN189,,PUT,E,ITM,18.79,37.55,18.3,2.5,1.0,25000.0,12/09/2024,,,,,,BBDC4
16,BBDCN198,,PUT,E,ITM,19.79,44.88,,,,,,,,,,,BBDC4
17,BBDCN207,,PUT,E,ITM,20.54,50.37,40.34,5.51,4.0,27549.0,25/09/2024,,,,,,BBDC4
18,BBDCN213,,PUT,E,ITM,21.29,55.86,,,,,,,,,,,BBDC4
19,BBDCN233,,PUT,E,ITM,23.29,70.5,64.42,8.8,2.0,28132.0,07/11/2024,,,,,,BBDC4
0,BBDCB124,,CALL,A,ITM,11.79,-13.69,18.52,2.53,1.0,7590.0,05/11/2024,,,,,,BBDC4
1,BBDCB123,,CALL,A,ITM,12.29,-10.03,19.03,2.6,2.0,8581.0,31/10/2024,,,,,,BBDC4
2,BBDCB125,,CALL,E,ITM,12.54,-8.2,12.15,1.66,1.0,1826.0,07/11/2024,,,,,,BBDC4
3,BBDCB144,,CALL,A,ITM,12.79,-6.37,21.96,3.0,1.0,300.0,28/10/2024,,,,,,BBDC4
4,BBDCN147,,PUT,E,ITM,14.54,6.44,6.95,0.95,102.0,130232.0,07/11/2024,,,,,,BBDC4
5,BBDCN150,,PUT,E,ITM,14.79,8.27,8.93,1.22,6.0,5636.0,07/11/2024,,,,,,BBDC4
6,BBDCN153,,PUT,E,ITM,15.29,11.93,10.98,1.5,5.0,889.0,07/11/2024,,,,,,BBDC4
0,BBDCB135,,CALL,A,ITM,13.29,-2.71,7.98,1.09,5.0,28013.0,06/11/2024,,,,,,BBDC4
1,BBDCN135,,PUT,E,OTM,13.29,-2.71,2.78,0.38,33.0,3809.0,07/11/2024,,,,,,BBDC4
2,BBDCB14,,CALL,A,ATM,13.79,0.95,6.88,0.94,2.0,2068.0,06/11/2024,,,,,,BBDC4
3,BBDCN14,,PUT,E,ATM,13.79,0.95,4.25,0.58,4.0,274.0,07/11/2024,,,,,,BBDC4
0,BBDCN124,,PUT,E,OTM,11.79,-13.69,0.81,0.11,8.0,431.0,06/11/2024,,,,,,BBDC4
1,BBDCN123,,PUT,E,OTM,12.29,-10.03,1.02,0.14,4.0,341.0,07/11/2024,,,,,,BBDC4
2,BBDCN125,,PUT,E,OTM,12.54,-8.2,3.66,0.5,1.0,100000.0,06/11/2024,,,,,,BBDC4
3,BBDCN144,,PUT,E,OTM,12.79,-6.37,1.61,0.22,6.0,2012.0,07/11/2024,,,,,,BBDC4
4,BBDCB147,,CALL,E,OTM,14.54,6.44,3.37,0.46,7.0,1348.0,07/11/2024,,,,,,BBDC4
5,BBDCB150,,CALL,A,OTM,14.79,8.27,2.86,0.39,3.0,1285.0,07/11/2024,,,,,,BBDC4
6,BBDCB153,,CALL,A,OTM,15.29,11.93,1.83,0.25,6.0,838.0,07/11/2024,,,,,,BBDC4
0,BBDCN948,,PUT,E,OTM,7.79,-42.97,0.07,0.01,1.0,12.0,01/10/2024,,,,,,BBDC4
1,BBDCN901,,PUT,E,OTM,8.99,-34.19,,,,,,,,,,,BBDC4
2,BBDCN921,,PUT,E,OTM,9.19,-32.72,,,,,,,,,,,BBDC4
3,BBDCN104,,PUT,E,OTM,9.79,-28.33,0.15,0.02,1.0,2.0,07/11/2024,,,,,,BBDC4
4,BBDCN114,,PUT,E,OTM,10.79,-21.01,0.15,0.02,2.0,7.0,05/11/2024,,,,,,BBDC4
5,BBDCN115,,PUT,E,OTM,11.54,-15.52,3.59,0.49,1.0,178850.0,04/11/2024,,,,,,BBDC4
6,BBDCB160,,CALL,E,OTM,15.79,15.59,1.32,0.18,2.0,378.0,06/11/2024,,,,,,BBDC4
7,BBDCB159,,CALL,E,OTM,16.04,17.42,1.17,0.16,3.0,336.0,07/11/2024,,,,,,BBDC4
8,BBDCB180,,CALL,A,OTM,16.29,19.25,1.1,0.15,3.0,310.0,06/11/2024,,,,,,BBDC4
9,BBDCB165,,CALL,E,OTM,16.54,21.08,0.73,0.1,2.0,22.0,07/11/2024,,,,,,BBDC4
10,BBDCB170,,CALL,A,OTM,16.79,22.91,0.66,0.09,2.0,270.0,07/11/2024,,,,,,BBDC4
11,BBDCB17,,CALL,E,OTM,17.04,24.74,0.59,0.08,1.0,8.0,07/11/2024,,,,,,BBDC4
12,BBDCB19,,CALL,A,OTM,17.29,26.57,0.81,0.11,1.0,121.0,01/11/2024,,,,,,BBDC4
13,BBDCB176,,CALL,A,OTM,17.79,30.23,,,,,,,,,,,BBDC4
14,BBDCB200,,CALL,A,OTM,18.29,33.89,0.29,0.04,1.0,4.0,07/11/2024,,,,,,BBDC4
15,BBDCB189,,CALL,A,OTM,18.79,37.55,1.1,0.15,1.0,15.0,31/10/2024,,,,,,BBDC4
16,BBDCB198,,CALL,A,OTM,19.79,44.88,,,,,,,,,,,BBDC4
17,BBDCB207,,CALL,E,OTM,20.54,50.37,0.15,0.02,1.0,200.0,06/11/2024,,,,,,BBDC4
18,BBDCB213,,CALL,A,OTM,21.29,55.86,,,,,,,,,,,BBDC4
19,BBDCB233,,CALL,A,OTM,23.29,70.5,,,,,,,,,,,BBDC4
0,BBDCC780,,CALL,E,ITM,6.13,-55.12,59.3,8.1,1.0,810.0,04/11/2024,,,,,,BBDC4
1,BBDCC800,,CALL,E,ITM,6.33,-53.66,65.89,9.0,2.0,3600.0,17/10/2024,,,,,,BBDC4
2,BBDCC820,,CALL,E,ITM,6.53,-52.2,57.1,7.8,3.0,6240.0,01/11/2024,,,,,,BBDC4
3,BBDCC114,,CALL,E,ITM,11.38,-16.69,,,,,,,,,,,BBDC4
4,BBDCO161,,PUT,E,ITM,16.13,18.08,,,,,,,,,,,BBDC4
5,BBDCO166,,PUT,E,ITM,16.38,19.91,,,,,,,,,,,BBDC4
6,BBDCO169,,PUT,E,ITM,16.88,23.57,,,,,,,,,,,BBDC4
7,BBDCO174,,PUT,E,ITM,17.38,27.23,19.55,2.67,10.0,21887.0,01/11/2024,,,,,,BBDC4
8,BBDCO194,,PUT,E,ITM,19.38,41.87,24.16,3.3,1.0,16500.0,17/10/2024,,,,,,BBDC4
9,BBDCO268,,PUT,E,ITM,26.88,96.78,84.04,11.48,1.0,543004.0,04/11/2024,,,,,,BBDC4
0,BBDCC813,,CALL,A,ITM,12.13,-11.2,26.21,3.58,2.0,714.0,22/10/2024,,,,,,BBDC4
1,BBDCO142,,PUT,E,ITM,14.38,5.27,,,,,,,,,,,BBDC4
2,BBDCO152,,PUT,E,ITM,14.63,7.1,6.52,0.89,5.0,19668.0,06/11/2024,,,,,,BBDC4
3,BBDCO155,,PUT,E,ITM,14.88,8.93,4.54,0.62,5.0,12080.0,29/10/2024,,,,,,BBDC4
4,BBDCO151,,PUT,E,ITM,15.13,10.76,7.54,1.03,2.0,512.0,05/11/2024,,,,,,BBDC4
0,BBDCC138,,CALL,A,ITM,13.13,-3.88,10.76,1.47,3.0,2061.0,07/11/2024,,,,,,BBDC4
1,BBDCO138,,PUT,E,OTM,13.13,-3.88,2.49,0.34,6.0,892.0,07/11/2024,,,,,,BBDC4
2,BBDCC3,,CALL,E,ITM,13.38,-2.05,8.64,1.18,1.0,118.0,07/11/2024,,,,,,BBDC4
3,BBDCO3,,PUT,E,OTM,13.38,-2.05,3.07,0.42,10.0,4890.0,07/11/2024,,,,,,BBDC4
4,BBDCC141,,CALL,E,ATM,13.88,1.61,6.95,0.95,1.0,95.0,06/11/2024,,,,,,BBDC4
5,BBDCO141,,PUT,E,ATM,13.88,1.61,4.39,0.6,1.0,60.0,07/11/2024,,,,,,BBDC4
6,BBDCC143,,CALL,A,OTM,14.13,3.44,7.17,0.98,1.0,980.0,05/11/2024,,,,,,BBDC4
7,BBDCO143,,PUT,E,ITM,14.13,3.44,5.34,0.73,6.0,1661.0,07/11/2024,,,,,,BBDC4
0,BBDCO813,,PUT,E,OTM,12.13,-11.2,0.73,0.1,1.0,100.0,31/10/2024,,,,,,BBDC4
1,BBDCC142,,CALL,E,OTM,14.38,5.27,2.64,0.36,1.0,59400.0,06/11/2024,,,,,,BBDC4
2,BBDCC152,,CALL,A,OTM,14.63,7.1,4.25,0.58,1.0,58.0,07/11/2024,,,,,,BBDC4
3,BBDCC155,,CALL,E,OTM,14.88,8.93,3.73,0.51,1.0,51.0,07/11/2024,,,,,,BBDC4
4,BBDCC151,,CALL,A,OTM,15.13,10.76,2.86,0.39,2.0,585.0,07/11/2024,,,,,,BBDC4
0,BBDCO780,,PUT,E,OTM,6.13,-55.12,0.07,0.01,2.0,5.0,24/07/2024,,,,,,BBDC4
1,BBDCO800,,PUT,E,OTM,6.33,-53.66,0.15,0.02,1.0,100.0,24/06/2024,,,,,,BBDC4
2,BBDCO820,,PUT,E,OTM,6.53,-52.2,0.07,0.01,4.0,120.0,24/10/2024,,,,,,BBDC4
3,BBDCO114,,PUT,E,OTM,11.38,-16.69,0.73,0.1,1.0,30000.0,04/10/2024,,,,,,BBDC4
4,BBDCC161,,CALL,A,OTM,16.13,18.08,1.46,0.2,1.0,20.0,06/11/2024,,,,,,BBDC4
5,BBDCC166,,CALL,E,OTM,16.38,19.91,1.39,0.19,4.0,73.0,06/11/2024,,,,,,BBDC4
6,BBDCC169,,CALL,E,OTM,16.88,23.57,0.95,0.13,1.0,26.0,06/11/2024,,,,,,BBDC4
7,BBDCC174,,CALL,E,OTM,17.38,27.23,1.39,0.19,2.0,38.0,31/10/2024,,,,,,BBDC4
8,BBDCC194,,CALL,E,OTM,19.38,41.87,,,,,,,,,,,BBDC4
9,BBDCC268,,CALL,E,OTM,26.88,96.78,,,,,,,,,,,BBDC4
0,BBDCP174,,PUT,E,ITM,15.85,16.03,6.08,0.83,1.0,830.0,07/10/2024,,,,,,BBDC4
1,BBDCP177,,PUT,E,ITM,16.1,17.86,13.62,1.86,2.0,346.0,06/11/2024,,,,,,BBDC4
2,BBDCP18,,PUT,E,ITM,16.35,19.69,10.98,1.5,1.0,150.0,31/10/2024,,,,,,BBDC4
3,BBDCP182,,PUT,E,ITM,16.6,21.52,10.76,1.47,3.0,441.0,24/10/2024,,,,,,BBDC4
4,BBDCP184,,PUT,E,ITM,16.85,23.35,,,,,,,,,,,BBDC4
5,BBDCP186,,PUT,E,ITM,17.1,25.18,,,,,,,,,,,BBDC4
6,BBDCP19,,PUT,E,ITM,17.35,27.01,13.18,1.8,4.0,3920.0,08/10/2024,,,,,,BBDC4
7,BBDCP192,,PUT,E,ITM,17.6,28.84,14.28,1.95,1.0,390.0,21/10/2024,,,,,,BBDC4
8,BBDCP020,,PUT,E,ITM,18.35,34.33,25.62,3.5,1.0,700.0,01/11/2024,,,,,,BBDC4
9,BBDCP195,,PUT,E,ITM,19.35,41.65,,,,,,,,,,,BBDC4
0,BBDCD14,,CALL,A,ITM,12.35,-9.59,15.37,2.1,1.0,210.0,07/11/2024,,,,,,BBDC4
1,BBDCP151,,PUT,E,ITM,15.1,10.54,4.39,0.6,1.0,28620.0,04/11/2024,,,,,,BBDC4
2,BBDCP169,,PUT,E,ITM,15.35,12.37,10.4,1.42,3.0,564.0,07/11/2024,,,,,,BBDC4
3,BBDCP172,,PUT,E,ITM,15.6,14.2,11.49,1.57,1.0,1570.0,07/11/2024,,,,,,BBDC4
0,BBDCD138,,CALL,E,ATM,13.6,-0.44,16.62,2.27,1.0,681.0,30/10/2024,,,,,,BBDC4
1,BBDCP138,,PUT,E,ATM,13.6,-0.44,3.29,0.45,3.0,630.0,07/11/2024,,,,,,BBDC4
2,BBDCD141,,CALL,A,ATM,13.85,1.39,12.52,1.71,1.0,171.0,31/10/2024,,,,,,BBDC4
3,BBDCP141,,PUT,E,ATM,13.85,1.39,4.39,0.6,2.0,180.0,07/11/2024,,,,,,BBDC4
4,BBDCD1,,CALL,E,OTM,14.1,3.22,6.15,0.84,1.0,37800.0,05/11/2024,,,,,,BBDC4
5,BBDCP1,,PUT,E,ITM,14.1,3.22,,,,,,,,,,,BBDC4
0,BBDCP14,,PUT,E,OTM,12.35,-9.59,1.39,0.19,1.0,19.0,07/11/2024,,,,,,BBDC4
1,BBDCD151,,CALL,E,OTM,15.1,10.54,,,,,,,,,,,BBDC4
2,BBDCD169,,CALL,A,OTM,15.35,12.37,3.0,0.41,2.0,340.0,07/11/2024,,,,,,BBDC4
3,BBDCD172,,CALL,E,OTM,15.6,14.2,3.88,0.53,2.0,113.0,04/11/2024,,,,,,BBDC4
0,BBDCD174,,CALL,A,OTM,15.85,16.03,2.56,0.35,1.0,35.0,07/11/2024,,,,,,BBDC4
1,BBDCD177,,CALL,E,OTM,16.1,17.86,2.93,0.4,2.0,83.0,01/11/2024,,,,,,BBDC4
2,BBDCD18,,CALL,A,OTM,16.35,19.69,6.0,0.82,1.0,6560.0,15/10/2024,,,,,,BBDC4
3,BBDCD182,,CALL,E,OTM,16.6,21.52,6.95,0.95,2.0,19950.0,09/09/2024,,,,,,BBDC4
4,BBDCD184,,CALL,A,OTM,16.85,23.35,4.1,0.56,3.0,213.0,09/08/2024,,,,,,BBDC4
5,BBDCD186,,CALL,E,OTM,17.1,25.18,1.1,0.15,1.0,15.0,06/11/2024,,,,,,BBDC4
6,BBDCD19,,CALL,A,OTM,17.35,27.01,0.88,0.12,2.0,132.0,07/11/2024,,,,,,BBDC4
7,BBDCD192,,CALL,E,OTM,17.6,28.84,3.0,0.41,6.0,638.0,12/08/2024,,,,,,BBDC4
8,BBDCD020,,CALL,A,OTM,18.35,34.33,0.88,0.12,1.0,600.0,31/10/2024,,,,,,BBDC4
9,BBDCD195,,CALL,A,OTM,19.35,41.65,0.22,0.03,4.0,71.0,07/11/2024,,,,,,BBDC4
0,BBDCE760,,CALL,E,ITM,5.97,-56.3,61.2,8.36,2.0,3416.0,04/11/2024,,,,,,BBDC4
1,BBDCE13,,CALL,E,ITM,11.37,-16.76,24.38,3.33,2.0,683.0,05/11/2024,,,,,,BBDC4
2,BBDCQ171,,PUT,E,ITM,16.87,23.5,,,,,,,,,,,BBDC4
3,BBDCQ496,,PUT,E,ITM,49.62,263.25,,,,,,,,,,,BBDC4
4,BBDCQ498,,PUT,E,ITM,49.87,265.08,,,,,,,,,,,BBDC4
5,BBDCQ501,,PUT,E,ITM,50.12,266.91,,,,,,,,,,,BBDC4
6,BBDCQ506,,PUT,E,ITM,50.62,270.57,,,,,,,,,,,BBDC4
0,BBDCQ760,,PUT,E,OTM,5.97,-56.3,0.59,0.08,4.0,744.0,16/08/2024,,,,,,BBDC4
1,BBDCQ13,,PUT,E,OTM,11.37,-16.76,0.88,0.12,2.0,120.0,06/11/2024,,,,,,BBDC4
2,BBDCE171,,CALL,E,OTM,16.87,23.5,0.73,0.1,3.0,800.0,05/11/2024,,,,,,BBDC4
3,BBDCE496,,CALL,A,OTM,49.62,263.25,,,,,,,,,,,BBDC4
4,BBDCE498,,CALL,E,OTM,49.87,265.08,,,,,,,,,,,BBDC4
5,BBDCE501,,CALL,A,OTM,50.12,266.91,,,,,,,,,,,BBDC4
6,BBDCE506,,CALL,E,OTM,50.62,270.57,,,,,,,,,,,BBDC4
0,BBDCF130,,CALL,E,ITM,11.39,-16.62,24.08,3.29,22.0,31751.0,06/11/2024,,,,,,BBDC4
1,BBDCR165,,PUT,E,ITM,15.89,16.33,10.98,1.5,1.0,150.0,05/11/2024,,,,,,BBDC4
2,BBDCR16,,PUT,E,ITM,16.39,19.99,8.42,1.15,1.0,3450.0,04/10/2024,,,,,,BBDC4
3,BBDCR170,,PUT,E,ITM,16.89,23.65,,,,,,,,,,,BBDC4
4,BBDCR175,,PUT,E,ITM,17.39,27.31,,,,,,,,,,,BBDC4
5,BBDCR18,,PUT,E,ITM,17.89,30.97,,,,,,,,,,,BBDC4
6,BBDCR202,,PUT,E,ITM,19.64,43.78,32.65,4.46,2.0,894.0,05/11/2024,,,,,,BBDC4
0,BBDCF125,,CALL,E,ITM,12.39,-9.3,17.2,2.35,1.0,5875.0,06/11/2024,,,,,,BBDC4
1,BBDCR146,,PUT,E,ITM,14.39,5.34,5.71,0.78,4.0,302.0,05/11/2024,,,,,,BBDC4
2,BBDCR152,,PUT,E,ITM,15.14,10.83,9.37,1.28,2.0,486.0,06/11/2024,,,,,,BBDC4
0,BBDCR125,,PUT,E,OTM,12.39,-9.3,1.54,0.21,1.0,21.0,07/11/2024,,,,,,BBDC4
1,BBDCF146,,CALL,E,OTM,14.39,5.34,9.08,1.24,2.0,2480.0,06/11/2024,,,,,,BBDC4
2,BBDCF152,,CALL,A,OTM,15.14,10.83,5.56,0.76,2.0,3040.0,07/11/2024,,,,,,BBDC4
0,BBDCR130,,PUT,E,OTM,11.39,-16.62,0.73,0.1,1.0,50.0,24/10/2024,,,,,,BBDC4
1,BBDCF165,,CALL,E,OTM,15.89,16.33,9.88,1.35,1.0,2565.0,09/10/2024,,,,,,BBDC4
2,BBDCF16,,CALL,E,OTM,16.39,19.99,7.32,1.0,1.0,100.0,20/09/2024,,,,,,BBDC4
3,BBDCF170,,CALL,E,OTM,16.89,23.65,5.34,0.73,2.0,292.0,20/09/2024,,,,,,BBDC4
4,BBDCF175,,CALL,E,OTM,17.39,27.31,8.05,1.1,1.0,1100.0,18/09/2024,,,,,,BBDC4
5,BBDCF18,,CALL,E,OTM,17.89,30.97,2.49,0.34,3.0,1390.0,31/10/2024,,,,,,BBDC4
6,BBDCF202,,CALL,A,OTM,19.64,43.78,1.1,0.15,2.0,765.0,31/10/2024,,,,,,BBDC4
0,BBDCG911,,CALL,E,ITM,8.88,-34.99,40.26,5.5,1.0,550.0,06/11/2024,,,,,,BBDC4
1,BBDCS018,,PUT,E,ITM,16.58,21.38,10.61,1.45,1.0,1450.0,31/10/2024,,,,,,BBDC4
2,BBDCS170,,PUT,E,ITM,16.83,23.21,9.88,1.35,1.0,1350.0,18/10/2024,,,,,,BBDC4
3,BBDCS200,,PUT,E,ITM,18.58,36.02,,,,,,,,,,,BBDC4
4,BBDCS220,,PUT,E,ITM,20.58,50.66,37.7,5.15,33.0,114335.0,05/11/2024,,,,,,BBDC4
0,BBDCS148,,PUT,E,ITM,14.58,6.73,4.47,0.61,1.0,183.0,25/10/2024,,,,,,BBDC4
1,BBDCS150,,PUT,E,ITM,14.83,8.57,6.22,0.85,1.0,850.0,04/11/2024,,,,,,BBDC4
2,BBDCS153,,PUT,E,ITM,15.08,10.4,8.49,1.16,10.0,1160.0,01/11/2024,,,,,,BBDC4
0,BBDCG13,,CALL,A,ATM,13.58,-0.59,15.89,2.17,3.0,2970.0,31/10/2024,,,,,,BBDC4
1,BBDCS13,,PUT,E,ATM,13.58,-0.59,3.44,0.47,1.0,47.0,06/11/2024,,,,,,BBDC4
2,BBDCG140,,CALL,E,ATM,13.83,1.24,11.05,1.51,3.0,462.0,07/11/2024,,,,,,BBDC4
3,BBDCS140,,PUT,E,ATM,13.83,1.24,4.61,0.63,6.0,11268.0,06/11/2024,,,,,,BBDC4
0,BBDCG148,,CALL,A,OTM,14.58,6.73,14.64,2.0,2.0,600.0,23/09/2024,,,,,,BBDC4
1,BBDCG150,,CALL,E,OTM,14.83,8.57,13.84,1.89,1.0,939141.0,11/10/2024,,,,,,BBDC4
2,BBDCG153,,CALL,A,OTM,15.08,10.4,7.32,1.0,1.0,150000.0,07/11/2024,,,,,,BBDC4
0,BBDCS911,,PUT,E,OTM,8.88,-34.99,0.37,0.05,1.0,50.0,13/09/2024,,,,,,BBDC4
1,BBDCG018,,CALL,A,OTM,16.58,21.38,7.25,0.99,1.0,594.0,30/10/2024,,,,,,BBDC4
2,BBDCG170,,CALL,E,OTM,16.83,23.21,,,,,,,,,,,BBDC4
3,BBDCG200,,CALL,A,OTM,18.58,36.02,1.61,0.22,1.0,22.0,05/11/2024,,,,,,BBDC4
4,BBDCG220,,CALL,A,OTM,20.58,50.66,0.73,0.1,2.0,200.0,07/11/2024,,,,,,BBDC4
0,BBDCT189,,PUT,E,ITM,17.62,28.99,9.44,1.29,1.0,1290.0,31/10/2024,,,,,,BBDC4
0,BBDCT160,,PUT,E,ITM,14.62,7.03,6.81,0.93,7.0,616.0,07/11/2024,,,,,,BBDC4
0,BBDCH150,,CALL,A,ATM,13.62,-0.29,13.54,1.85,1.0,1110.0,07/11/2024,,,,,,BBDC4
1,BBDCT150,,PUT,E,ATM,13.62,-0.29,4.54,0.62,12.0,3230.0,07/11/2024,,,,,,BBDC4
0,BBDCH160,,CALL,A,OTM,14.62,7.03,15.96,2.18,4.0,851.0,30/10/2024,,,,,,BBDC4
0,BBDCH189,,CALL,A,OTM,17.62,28.99,4.17,0.57,9.0,5568.0,31/10/2024,,,,,,BBDC4
0,BBDCI127,,CALL,E,ITM,11.36,-16.84,36.09,4.93,2.0,2462.0,24/10/2024,,,,,,BBDC4
1,BBDCU16,,PUT,E,ITM,15.86,16.11,11.57,1.58,7.0,9487.0,07/11/2024,,,,,,BBDC4
2,BBDCU169,,PUT,E,ITM,16.86,23.43,,,,,,,,,,,BBDC4
3,BBDCU179,,PUT,E,ITM,17.84,30.6,13.91,1.9,1.0,190.0,24/10/2024,,,,,,BBDC4
4,BBDCU1,,PUT,E,ITM,17.86,30.75,,,,,,,,,,,BBDC4
5,BBDCU185,,PUT,E,ITM,18.36,34.41,,,,,,,,,,,BBDC4
0,BBDCU127,,PUT,E,OTM,11.36,-16.84,1.17,0.16,2.0,96.0,07/11/2024,,,,,,BBDC4
1,BBDCI16,,CALL,E,OTM,15.86,16.11,8.05,1.1,1.0,3300.0,06/11/2024,,,,,,BBDC4
2,BBDCI169,,CALL,E,OTM,16.86,23.43,10.98,1.5,1.0,150.0,02/10/2024,,,,,,BBDC4
3,BBDCI179,,CALL,E,OTM,17.84,30.6,,,,,,,,,,,BBDC4
4,BBDCI1,,CALL,E,OTM,17.86,30.75,7.32,1.0,1.0,100.0,22/10/2024,,,,,,BBDC4
5,BBDCI185,,CALL,E,OTM,18.36,34.41,3.29,0.45,1.0,450.0,01/11/2024,,,,,,BBDC4
0,BBDCJ120,,CALL,E,ITM,11.39,-16.62,37.19,5.08,1.0,508.0,22/10/2024,,,,,,BBDC4
1,BBDCV17,,PUT,E,ITM,16.39,19.99,10.98,1.5,2.0,2920.0,04/11/2024,,,,,,BBDC4
2,BBDCV175,,PUT,E,ITM,16.89,23.65,,,,,,,,,,,BBDC4
3,BBDCV189,,PUT,E,ITM,17.64,29.14,15.45,2.11,3.0,3276.0,31/10/2024,,,,,,BBDC4
4,BBDCV209,,PUT,E,ITM,19.64,43.78,23.5,3.21,1.0,642.0,14/08/2024,,,,,,BBDC4
5,BBDCV250,,PUT,E,ITM,23.64,73.06,45.83,6.26,2.0,1260.0,21/10/2024,,,,,,BBDC4
0,BBDCV170,,PUT,E,ITM,15.64,14.49,10.47,1.43,15.0,42409.0,07/11/2024,,,,,,BBDC4
0,BBDCJ170,,CALL,A,OTM,15.64,14.49,7.61,1.04,3.0,1272.0,07/11/2024,,,,,,BBDC4
0,BBDCV120,,PUT,E,OTM,11.39,-16.62,1.46,0.2,3.0,200.0,06/11/2024,,,,,,BBDC4
1,BBDCJ17,,CALL,E,OTM,16.39,19.99,6.59,0.9,1.0,90.0,06/11/2024,,,,,,BBDC4
2,BBDCJ175,,CALL,E,OTM,16.89,23.65,5.49,0.75,4.0,14020.0,05/11/2024,,,,,,BBDC4
3,BBDCJ189,,CALL,A,OTM,17.64,29.14,3.81,0.52,4.0,2968.0,07/11/2024,,,,,,BBDC4
4,BBDCJ209,,CALL,A,OTM,19.64,43.78,1.83,0.25,1.0,3750.0,07/11/2024,,,,,,BBDC4
5,BBDCJ250,,CALL,A,OTM,23.64,73.06,0.81,0.11,1.0,110.0,05/11/2024,,,,,,BBDC4
0,BBDCW152,,PUT,E,ITM,15.25,11.64,,,,,,,,,,,BBDC4
0,BBDCK152,,CALL,E,OTM,15.25,11.64,8.49,1.16,1.0,174000.0,07/11/2024,,,,,,BBDC4
0,BBDCA120,,CALL,A,ITM,11.29,-17.35,31.99,4.37,2.0,5681.0,05/11/2024,,,,,,BBDC4
1,BBDCM180,,PUT,E,ITM,17.29,26.57,10.83,1.48,3.0,1401.0,05/11/2024,,,,,,BBDC4
2,BBDCM200,,PUT,E,ITM,19.29,41.22,24.01,3.28,2.0,662.0,24/09/2024,,,,,,BBDC4
3,BBDCM220,,PUT,E,ITM,21.29,55.86,34.99,4.78,1.0,478.0,05/11/2024,,,,,,BBDC4
4,BBDCM278,,PUT,E,ITM,27.79,103.44,,,,,,,,,,,BBDC4
0,BBDCM120,,PUT,E,OTM,11.29,-17.35,1.32,0.18,3.0,3654.0,01/11/2024,,,,,,BBDC4
1,BBDCA180,,CALL,A,OTM,17.29,26.57,6.44,0.88,2.0,1760.0,07/11/2024,,,,,,BBDC4
2,BBDCA200,,CALL,A,OTM,19.29,41.22,3.66,0.5,4.0,1130.0,07/11/2024,,,,,,BBDC4
3,BBDCA220,,CALL,A,OTM,21.29,55.86,2.2,0.3,2.0,562.0,06/11/2024,,,,,,BBDC4
4,BBDCA278,,CALL,A,OTM,27.79,103.44,,,,,,,,,,,BBDC4
0,BBDCB119,,CALL,E,ITM,11.29,-17.35,32.8,4.48,4.0,9444.0,05/11/2024,,,,,,BBDC4
1,BBDCN167,,PUT,E,ITM,16.54,21.08,11.79,1.61,1.0,161.0,05/11/2024,,,,,,BBDC4
0,BBDCN119,,PUT,E,OTM,11.29,-17.35,1.24,0.17,1.0,850.0,31/10/2024,,,,,,BBDC4
1,BBDCB167,,CALL,A,OTM,16.54,21.08,9.52,1.3,2.0,650.0,07/11/2024,,,,,,BBDC4
0,BBDCO19,,PUT,E,ITM,18.33,34.19,17.35,2.37,2.0,4803.0,31/10/2024,,,,,,BBDC4
1,BBDCO21,,PUT,E,ITM,20.33,48.83,,,,,,,,,,,BBDC4
2,BBDCO22,,PUT,E,ITM,21.33,56.15,,,,,,,,,,,BBDC4
0,BBDCC19,,CALL,A,OTM,18.33,34.19,6.52,0.89,3.0,2236.0,05/11/2024,,,,,,BBDC4
1,BBDCC21,,CALL,A,OTM,20.33,48.83,4.76,0.65,7.0,737.0,06/08/2024,,,,,,BBDC4
2,BBDCC22,,CALL,A,OTM,21.33,56.15,4.9,0.67,1.0,536.0,29/10/2024,,,,,,BBDC4
0,BBDCP3,,PUT,E,ITM,17.35,27.01,12.08,1.65,1.0,825.0,30/10/2024,,,,,,BBDC4
1,BBDCP20,,PUT,E,ITM,19.35,41.65,19.62,2.68,1.0,2680.0,18/09/2024,,,,,,BBDC4
2,BBDCP4,,PUT,E,ITM,20.35,48.98,,,,,,,,,,,BBDC4
3,BBDCP342,,PUT,E,ITM,33.6,145.97,107.17,14.64,3.0,14640.0,07/11/2024,,,,,,BBDC4
0,BBDCD130,,CALL,A,ITM,12.35,-9.59,26.28,3.59,1.0,718.0,06/11/2024,,,,,,BBDC4
1,BBDCP150,,PUT,E,ITM,14.35,5.05,5.86,0.8,1.0,12000.0,06/11/2024,,,,,,BBDC4
2,BBDCP155,,PUT,E,ITM,14.85,8.71,6.0,0.82,3.0,1812.0,31/10/2024,,,,,,BBDC4
0,BBDCD140,,CALL,A,ITM,13.35,-2.27,23.13,3.16,1.0,15800.0,01/11/2024,,,,,,BBDC4
1,BBDCP140,,PUT,E,OTM,13.35,-2.27,4.39,0.6,2.0,1261.0,07/11/2024,,,,,,BBDC4
2,BBDCD145,,CALL,A,ATM,13.85,1.39,19.77,2.7,1.0,540.0,06/11/2024,,,,,,BBDC4
3,BBDCP145,,PUT,E,ATM,13.85,1.39,5.34,0.73,2.0,1462.0,07/11/2024,,,,,,BBDC4
0,BBDCP130,,PUT,E,OTM,12.35,-9.59,2.93,0.4,1.0,400.0,07/11/2024,,,,,,BBDC4
1,BBDCD150,,CALL,A,OTM,14.35,5.05,21.82,2.98,5.0,4329.0,31/10/2024,,,,,,BBDC4
2,BBDCD155,,CALL,A,OTM,14.85,8.71,15.81,2.16,7.0,21570.0,06/11/2024,,,,,,BBDC4
0,BBDCD3,,CALL,E,OTM,17.35,27.01,9.15,1.25,2.0,355.0,06/11/2024,,,,,,BBDC4
1,BBDCD20,,CALL,E,OTM,19.35,41.65,6.59,0.9,1.0,90.0,31/10/2024,,,,,,BBDC4
2,BBDCD4,,CALL,E,OTM,20.35,48.98,5.56,0.76,1.0,456.0,04/11/2024,,,,,,BBDC4
3,BBDCD342,,CALL,A,OTM,33.6,145.97,1.39,0.19,1.0,19.0,06/11/2024,,,,,,BBDC4
0,BBDCE900,,CALL,E,ITM,8.39,-38.58,48.1,6.57,3.0,8584.0,07/11/2024,,,,,,BBDC4
1,BBDCQ220,,PUT,E,ITM,21.39,56.59,29.72,4.06,4.0,10976.0,20/09/2024,,,,,,BBDC4
2,BBDCQ222,,PUT,E,ITM,21.64,58.42,30.23,4.13,2.0,8150.0,19/09/2024,,,,,,BBDC4
0,BBDCQ900,,PUT,E,OTM,8.39,-38.58,0.51,0.07,1.0,70.0,07/11/2024,,,,,,BBDC4
1,BBDCE220,,CALL,E,OTM,21.39,56.59,4.76,0.65,1.0,650.0,21/10/2024,,,,,,BBDC4
2,BBDCE222,,CALL,A,OTM,21.64,58.42,18.23,2.49,1.0,249.0,30/08/2024,,,,,,BBDC4
0,BBDCR167,,PUT,E,ITM,16.39,19.99,,,,,,,,,,,BBDC4
1,BBDCR180,,PUT,E,ITM,17.39,27.31,10.98,1.5,1.0,150.0,21/10/2024,,,,,,BBDC4
2,BBDCR11,,PUT,E,ITM,18.39,34.63,13.76,1.88,3.0,3948.0,28/10/2024,,,,,,BBDC4
3,BBDCR200,,PUT,E,ITM,19.39,41.95,22.69,3.1,1.0,620.0,25/09/2024,,,,,,BBDC4
0,BBDCR164,,PUT,E,ITM,15.39,12.66,8.71,1.19,1.0,119.0,07/11/2024,,,,,,BBDC4
0,BBDCF164,,CALL,A,OTM,15.39,12.66,14.86,2.03,2.0,3661.0,07/11/2024,,,,,,BBDC4
0,BBDCF167,,CALL,A,OTM,16.39,19.99,12.08,1.65,1.0,2805.0,07/11/2024,,,,,,BBDC4
1,BBDCF180,,CALL,A,OTM,17.39,27.31,10.25,1.4,1.0,700.0,07/11/2024,,,,,,BBDC4
2,BBDCF11,,CALL,A,OTM,18.39,34.63,7.69,1.05,1.0,210.0,07/11/2024,,,,,,BBDC4
3,BBDCF200,,CALL,A,OTM,19.39,41.95,6.95,0.95,1.0,95.0,05/11/2024,,,,,,BBDC4
0,BBDCH11,,CALL,E,ITM,11.27,-17.5,34.77,4.75,1.0,1900.0,07/11/2024,,,,,,BBDC4
0,BBDCT11,,PUT,E,OTM,11.27,-17.5,1.9,0.26,1.0,520.0,07/11/2024,,,,,,BBDC4
0,BBDCU350,,PUT,E,ITM,34.79,154.69,,,,,,,,,,,BBDC4
0,BBDCI350,,CALL,E,OTM,34.79,154.69,0.59,0.08,4.0,824.0,07/11/2024,,,,,,BBDC4
0,BBDCV160,,PUT,E,ITM,15.98,16.98,10.1,1.38,5.0,5015.0,07/11/2024,,,,,,BBDC4
1,BBDCV180,,PUT,E,ITM,17.98,31.63,15.37,2.1,1.0,420.0,07/11/2024,,,,,,BBDC4
2,BBDCV200,,PUT,E,ITM,19.98,46.27,18.23,2.49,4.0,4990.0,28/10/2024,,,,,,BBDC4
0,BBDCJ160,,CALL,A,OTM,15.98,16.98,14.64,2.0,2.0,800.0,07/11/2024,,,,,,BBDC4
1,BBDCJ180,,CALL,A,OTM,17.98,31.63,11.57,1.58,4.0,2036.0,06/11/2024,,,,,,BBDC4
2,BBDCJ200,,CALL,A,OTM,19.98,46.27,7.32,1.0,2.0,203.0,07/11/2024,,,,,,BBDC4
